text	id	sentiment	annotator	annotation_id	created_at	updated_at	lead_time
Just go live your life and your privilege ass tu. Kau nak suruh rakyat bersabar?? 2 years of pandemic already we going through this tapi kerajaan mangkuk ni apa je diorang achieved??? Setakat one moment of Free Covid-19 lepastu korang punca balik sebab prn sabah tu pe cite kmk??!	80486	Negative	27	2475	2022-01-28T04:45:28.354220Z	2022-01-28T04:45:28.354234Z	2.205
PEMULIH | Bakul Makanan Untuk 6,000 Penerima Di Pasir Gudang Keputusan Kerajaan menyalurkan peruntukkan RM300,000 https://t.co/1ODeo0dcPY	80485	Positive	27	2474	2022-01-28T04:45:25.514281Z	2022-01-28T04:45:25.514295Z	1.999
@Nasarulfikri Dia pernah nk masuk PKR tapi org PKR perak taknak katanya. Malu muka sendiri. Dah elok jd ketua pemud https://t.co/y4VWmSMdZu	80484	Negative	27	2473	2022-01-28T04:45:23.124157Z	2022-01-28T04:45:23.124170Z	2.555
tak rasa macam federal offence ke? dah layak tarik lesen operasi di Msia dah ni. oh lupa duit pasti menang, bayar s https://t.co/Xo0h2Ii6bN	80483	Negative	27	2472	2022-01-28T04:45:20.181797Z	2022-01-28T04:45:20.181812Z	2.761
"@anwaribrahim Mungkinkah ini ""self-confession"" bahawa ahli politik itu tdk boleh dipercayai atas sifat mereka :- https://t.co/3pkaHflTlo"	80482	Negative	27	2471	2022-01-28T04:45:17.017943Z	2022-01-28T04:45:17.017998Z	2.817
Memasuki Pekan Terakhir Warga dan TNI Solid Bersatu Kebut Pembangunan TPT https://t.co/94CV1kbTGA	80481	Neutral	27	2470	2022-01-28T04:45:13.803701Z	2022-01-28T04:45:13.803717Z	3.26
latar belakang kluster: KILANG kerajaan: tutup KLANG	80480	Negative	27	2469	2022-01-28T04:45:10.105343Z	2022-01-28T04:45:10.105357Z	3.136
"""Kerajaan melayu isley part 2"""	80479	Negative	27	2468	2022-01-28T04:45:06.578446Z	2022-01-28T04:45:06.578461Z	1.932
kerajaan yang tak bantu rakyat masalahnya.	80478	Negative	27	2467	2022-01-28T04:45:04.258410Z	2022-01-28T04:45:04.258422Z	1.915
He himself pun kalah 2 kali berturut2 under BN ticket dekat Lembah Pantai and he was also the minister at that time	80477	Negative	27	2466	2022-01-28T04:45:01.950428Z	2022-01-28T04:45:01.950442Z	1.056
@Khahakim154 @H_Bakkaniy Sekarang ni kerajaan Kedah tak bantu ke yang naikkan bendera putih tu?	80476	Negative	27	2465	2022-01-28T04:45:00.490097Z	2022-01-28T04:45:00.490111Z	2.247
@harakahdailyHD DAP ni masalah terbesar dia negeri perintah bukan baik sangat. Sg Kerek dgn masalah pencemaran babi https://t.co/1QECOLuvII	80475	Negative	27	2464	2022-01-28T04:44:57.870997Z	2022-01-28T04:44:57.871009Z	1.366
Pusat Vaksinasi COVID-19 di Putrajaya Presint 15 #Politik #NormaBaharu #PKP #SOP #Darurat #Menteri https://t.co/YhrLxSl02z	80474	Neutral	27	2463	2022-01-28T04:44:56.106613Z	2022-01-28T04:44:56.106628Z	2.02
Kritik keras Komnas HAM, Hendardi minta pegawai KPK hentikan manuver politik TWK KPK Profesional #MAsahkanTWKdiKPK https://t.co/W6dtAAVbd8	80473	Positive	27	2462	2022-01-28T04:44:53.678594Z	2022-01-28T04:44:53.678612Z	3.852
@ndiahamirah Pergi kk nnti doktor buat surat utk refer hosp kerajaan jugak. Nnti dkt hosp terus pergi klinik kulit https://t.co/pD92noF2m3	80472	Neutral	27	2461	2022-01-28T04:44:49.402734Z	2022-01-28T04:44:49.402749Z	6.077
@ChusnulCh__ @PDemokrat @AgusYudhoyono Gaya Politik PD itu Lempar Batu Sembunyi Tangan	80471	Negative	27	2460	2022-01-28T04:44:42.933496Z	2022-01-28T04:44:42.933509Z	3.22
Aku faham kalau diorang buat macam ni sebab kalau aku jadi doktor pun aku penat la kimak. Bodoh punya kerajaan !	80470	Negative	27	2459	2022-01-28T04:44:39.328478Z	2022-01-28T04:44:39.328493Z	2.204
Mmg fake, kan kerajaan selalu bagi last minute, ni awal sgt ni	80469	Negative	27	2458	2022-01-28T04:44:36.746912Z	2022-01-28T04:44:36.746923Z	1.246
Yihhh bangun bangun tengok kerajaan tunggang langgang.	80468	Negative	27	2457	2022-01-28T04:44:35.117323Z	2022-01-28T04:44:35.117341Z	1.333
Menurut pemimpin #Umno Sabah, tindakan keras terhadap pendatang tanpa izin harus dimulakan sehingga wabak Covid-19 https://t.co/dtWslJnyi4	80467	Negative	27	2456	2022-01-28T04:44:33.341685Z	2022-01-28T04:44:33.341709Z	23.843
Disebbkan vaccination case makin hari makin bagus tak semesti nya kerajaan boleh buat taik Memang sial kerajaan https://t.co/m3lCol8GXX	80466	Negative	27	2455	2022-01-28T04:44:09.100647Z	2022-01-28T04:44:09.100663Z	2.206
@bernamadotcom @IsmailSabri60 Mengarut jer, dia nie antara punca yg bgtaw ahli politik yg balik semenanjung selepas https://t.co/tKqlgcycnV	80465	Negative	27	2454	2022-01-28T04:44:06.489124Z	2022-01-28T04:44:06.489138Z	1.473
@shaqibshahril Bakal - nakal parti hijau lah kan.	80464	Negative	27	2453	2022-01-28T04:44:04.581756Z	2022-01-28T04:44:04.581769Z	2.522
Program-program bantuan kerajaan untuk PKS terus berjalan seperti biasa sepanjang Darurat. sumber : Jawatankuasa Teknikal Pengurusan Darurat #darurat2021 #JapenJohor #KomunikasiKita https://t.co/tQeoAl6uuK	80463	Positive	27	2452	2022-01-28T04:44:01.678207Z	2022-01-28T04:44:01.678227Z	1.428
KOTA KINABALU: Warga emas tertua di Sabah menerima suntikan vaksin COVID-19 di Pusat Pemberian Vaksin (PPV) Dewan Serbaguna Kompleks Pentadbiran Kerajaan Persekutuan Sabah, pada Selasa. https://t.co/IkfRNGK5Pc	80462	Positive	27	2451	2022-01-28T04:43:59.833667Z	2022-01-28T04:43:59.833680Z	1.845
@Sarayuni ok? memang kerajaan kedah tua,chih tu,gangga negara tak pernah wujud ke? memang semuanya pasal sej melayu negeri2 selatan je ke?	80461	Negative	27	2450	2022-01-28T04:43:57.612299Z	2022-01-28T04:43:57.612312Z	1.494
Sempena PKP. Manatau ada yang mencari kursus ICT yang ditaja sepenuhnya oleh Kerajaan Negeri Sabah (government-spon https://t.co/PBBXSZhlfH	80460	Positive	27	2449	2022-01-28T04:43:51.028424Z	2022-01-28T04:43:51.028438Z	3.591
@ph54r_ Tempat dia tu trbuka luas. Glove dia tak tukar. Dia pegang orang tu lps tu dia pegang orang ini pula. Mcm t https://t.co/aLkvd6OCpG	80459	Negative	27	2448	2022-01-28T04:43:47.015257Z	2022-01-28T04:43:47.015283Z	3.364
1- Tadi lihat ada yang kongsikan berita pemberian Telefon murah kepada Pelajar oleh Kerajaan Perak, antara gambar y https://t.co/qdRx1MsxFB	80458	Positive	27	2447	2022-01-28T04:43:43.257136Z	2022-01-28T04:43:43.257150Z	4.838
@amanat_hadi @mujahidrawa Geng Atok 5 + PN 54 + Sabah 10 + Swak 20 + BN 23 = 112	80457	Neutral	27	2446	2022-01-28T04:43:38.027222Z	2022-01-28T04:43:38.027235Z	2.286
jujur aku rasa terbeban sial dengan kerajaan bodoh ni. entah kenapa aku sendiri rasa sedih penat tengok politik mac https://t.co/QK6WX8QwuX	80456	Negative	27	2445	2022-01-28T04:43:35.333311Z	2022-01-28T04:43:35.333324Z	2.434
Dap kena ingat, tambak johor ni takde warganegara malaysia yang teringin/mampu nak duduk situ. Korang takde monarki tapi buat perangai monarki. Kimak.	80455	Negative	27	2444	2022-01-28T04:43:32.513555Z	2022-01-28T04:43:32.513570Z	1.115
Kerajaan bukan sengaja nak lambat bagi bantuan. Nak kena preorder khemah tampal muka dorang lagi. Poster lagi. Semu https://t.co/tDFuk5pHPX	80454	Negative	27	2443	2022-01-28T04:43:30.993176Z	2022-01-28T04:43:30.993192Z	3.004
Dulu nampak gak divide puak sokong kerajaan puak tak sokong kerajaan. Skang takde divide2 dah. Baik orang bandar or https://t.co/XDVBvZmNvH	80453	Negative	27	2442	2022-01-28T04:43:27.626163Z	2022-01-28T04:43:27.626177Z	1.813
Jika parlimen tidak dipanggil dalam masa 14 hari maka UMNO akan keluar menjadi pembangkang iaitu lebih kurang 4 Jul https://t.co/AvJSf1F8ux	80452	Negative	27	2441	2022-01-28T04:43:25.417268Z	2022-01-28T04:43:25.417282Z	3.477
Kerajaan bodohhhh menyusahkan incompetent semua lahhhhhh	80451	Negative	27	2440	2022-01-28T04:43:21.528487Z	2022-01-28T04:43:21.528500Z	4.046
Orang pacak bendera putih sebab nak tunjuk perlukan bantuan. Takdak kaitan pun dengan politik yang orang politik pa https://t.co/vec8ETTkDS	80450	Negative	27	2439	2022-01-28T04:43:17.078954Z	2022-01-28T04:43:17.078965Z	10.361
"I want yb hannah yeoh for pm. But i know menteri agama will be ""runtuhlah kerajaan jika diperintah oleh wanita"""	80449	Negative	27	2438	2022-01-28T04:43:06.321041Z	2022-01-28T04:43:06.321055Z	2.157
Hari raya kedua saya ada temu janji di Midvalley Southkey Johor Bahru. Alhamdulilah selesai dos pertama. Saya menyeru supaya segenap lapisan masyarakat yang belum mendapat suntikan agar bersedia utk mendapat suntikan &amp; hendaklah berkerja sama sebaik mungkin dengan pihak kerajaan https://t.co/Rm6WluHkkR	80448	Positive	27	2437	2022-01-28T04:43:03.753738Z	2022-01-28T04:43:03.753751Z	2.319
Keputusan Kerajaan untuk jadikan Pahang, Kelantan dan Terengganu ke Fasa 2 Pemulihan sebenarnya adalah tindakan bahaya. Kenapa? #melawanthread	80447	Neutral	27	2436	2022-01-28T04:43:01.031701Z	2022-01-28T04:43:01.031720Z	3.756
@PanasKeria @cupcake_cekelat @hezkyboy @Ameerrosman_ @zamangnii @deeb7800 mana ada sumpah kerajaan	80446	Negative	27	2435	2022-01-28T04:42:56.870520Z	2022-01-28T04:42:56.870533Z	5.071
selamat pagi manusia manusia yang hidup di bawah pemerintahan kerajaan bangsat https://t.co/q0DK16CWHW	80445	Negative	27	2434	2022-01-28T04:42:51.405773Z	2022-01-28T04:42:51.405790Z	1.804
Kerana kerajaan #selangor lah menjadi punca yang menyebabkan rakyat lock down tak habis2.. https://t.co/0zNAE16agK	80444	Negative	27	2433	2022-01-28T04:42:49.206460Z	2022-01-28T04:42:49.206475Z	5.551
Kenyataan Media YB Menteri Kerajaan Tempatan dan Perumahan dan Menteri Kewangan II Negeri Sabah, 5 Jun 2021 Sumber: Jawatankuasa Pengurusan Bencana COVID-19 Negeri Sabah #JaPenSabah #COVID19 #KitaAkanMenang https://t.co/aUSEpSqVpr	80443	Neutral	27	2432	2022-01-28T04:42:43.251796Z	2022-01-28T04:42:43.251813Z	2.493
@SyedAkramin Kerajaan baru pun samalah.	80442	Negative	27	2431	2022-01-28T04:42:40.366369Z	2022-01-28T04:42:40.366383Z	1.691
PAS ni dh lain mcm ek skrg???baru join bersama PN jd kerajaan dh jd cmtu..fewww	80441	Negative	27	2430	2022-01-28T04:42:38.288249Z	2022-01-28T04:42:38.288262Z	0.889
Terhibur tengok tweet orang yg terasa reply berkenaan isu ini . Anda ada sedara mara kerja kerajaan? Usah risau t https://t.co/8c8zycStz3	80440	Negative	27	2429	2022-01-28T04:42:37.007234Z	2022-01-28T04:42:37.007247Z	9.848
@protonian @HRHJohorII Nanti pergi belajar system kat Johor kay. Pejabat Daerah tiada kaitan dengan politik, dioran https://t.co/rHJ4382lTD	80439	Negative	27	2428	2022-01-28T04:42:26.761506Z	2022-01-28T04:42:26.761523Z	3.115
org politik semua anjing	80438	Negative	27	2427	2022-01-28T04:42:23.280849Z	2022-01-28T04:42:23.280862Z	0.855
Nik abduh ni dalam parti sendiri pon buat hal jugak	80437	Negative	27	2426	2022-01-28T04:42:22.053264Z	2022-01-28T04:42:22.053279Z	1.646
Dah la tgh emo, org atas plk duk buat construction lg tambah emo. Bodohlah kerajaan ni	80436	Negative	27	2425	2022-01-28T04:42:20.014059Z	2022-01-28T04:42:20.014071Z	1.742
Kerajaan Sarawak beli lambakan 72 tan nanas di Dalat untuk agihan percuma kepada rakyat https://t.co/EDNLk5wc2i https://t.co/iZ2mE4MLAa	80435	Positive	27	2424	2022-01-28T04:42:17.834961Z	2022-01-28T04:42:17.834980Z	4.636
Tlg jgn ckp org Kedah undi PAS Sbb org Kedah majoriti undi PH masa PRU. PAS jd MB bukan melalui PRU Kita semua tahu.	80434	Negative	27	2423	2022-01-28T04:42:12.810814Z	2022-01-28T04:42:12.810828Z	1.773
@RameshRaoAKS @MacthDeath @NajibRazak @Bossbm17 @bossku_team @BosskuTeam @BNrasmi @Barisansial @umnoonline @presidenumnoazh @pusalamofficial @johor_umno @Farid_alzakry @dapperak @DAPKampungTunku @DapsyDamansara PARIA No 1 KELING PENJILAT LUBANG JUBOR BUSUK MINAH KEPIT PENYAMUN PONDAN PEKAN BAPUK TUA @NajibRazak &amp; ROSMAH IBLIS NASI KANGKANG CIBAI BUSUKYah Allah tolonglah Ohhhhhh Ibbbuuuu Kuuuuuuuu, saya masih KELING HINDU dengan kukuciau hitam 2 inchi https://t.co/fNShnBfbnw	80433	Negative	27	2422	2022-01-28T04:42:10.668872Z	2022-01-28T04:42:10.668885Z	2.784
@beesdots ye la klau balik rumah i pun xnak balik kerja dah, kitaorg khamis ph sbb sarawak day so mood kerja esok mmg kelaut	80432	Negative	27	2421	2022-01-28T04:42:07.450547Z	2022-01-28T04:42:07.450563Z	3.031
@AminuddinKahar boleh dengar jela. kerajaan waknat ni tak fikir apa dah. fikir poket sendiri ja.	80431	Negative	27	2420	2022-01-28T04:42:04.016666Z	2022-01-28T04:42:04.016682Z	1.605
ga ributin masalah sepele, akur trus karena bersatu kita runtuh bercerai kita kawin lagi, canda, bercerai kita ber https://t.co/TOIfjZF3dF	80430	Negative	27	2419	2022-01-28T04:42:02.016497Z	2022-01-28T04:42:02.016511Z	3.292
Tahniah Perlis! Semoga ahli politik seperti ibu mertua Mira Filzah ditendang secepat mungkin https://t.co/epjupnVjxh	80429	Negative	27	2418	2022-01-28T04:41:58.316249Z	2022-01-28T04:41:58.316263Z	6.15
Sebab wujud ahli politik MELAYU tua bodoh nak mampos jaga poket sendiri	80428	Negative	27	2417	2022-01-28T04:41:51.764765Z	2022-01-28T04:41:51.764779Z	1.102
Terima kasih Kerajaan Sarawak atas keperihatinan mengenai kebajikan atlet Sarawak. SUFC amat menghargai usaha dan p https://t.co/uqfxYDuJPy	80427	Positive	27	2416	2022-01-28T04:41:50.270840Z	2022-01-28T04:41:50.270853Z	2.616
Pas + umno= double special punya bodoh	80426	Negative	27	2415	2022-01-28T04:41:47.279014Z	2022-01-28T04:41:47.279026Z	1.038
Sekali lagi keputusan kerajaan tidak berpandaskan kajian saintifik. Varian Delta makin ganas tu. Kalo dah kes naik https://t.co/jwtLXFtSAf	80425	Negative	27	2414	2022-01-28T04:41:45.836900Z	2022-01-28T04:41:45.836915Z	3.461
Sebagai kerajaan, saya bagi jaminan kita tidak menggunakan strategi propaganda yang hanya menceritakan benda baik https://t.co/YSw4XQ3qIZ	80424	Positive	27	2413	2022-01-28T04:41:41.975379Z	2022-01-28T04:41:41.975392Z	5.246
Ahli ekonomi berkata, kredibiliti kerajaan akan tergugat sekiranya masalah ini dibiarkan tanpa penyelesaian. #FMTNews #SOP #PKP https://t.co/ycAiTfsekH	80423	Positive	27	2412	2022-01-28T04:41:36.334746Z	2022-01-28T04:41:36.334759Z	5.33
Arkeolog asal Yerusalem menemukan dua bangunan yang diduga sebagai kerajaan milik raja tersohor dalam sejarah Islam, Kristen, dan Yahudi. Dialah Sang Raja sekaligus Nabi, Daud. https://t.co/nQSdOAF87E	80422	Neutral	27	2411	2022-01-28T04:41:30.630643Z	2022-01-28T04:41:30.630657Z	3.438
@AmirudinShari Salam YAB Dato' @AmirudinShari, tolong pertingkatkan lagi kerjasama antara kerajaan negeri dengan https://t.co/bRETDVtSly	80421	Positive	27	2410	2022-01-28T04:41:26.804566Z	2022-01-28T04:41:26.804581Z	2.62
UMNO Sabah kekal dengan pendirian bersama rakan komponen dan Parti Bersatu Sabah (PBS) untuk mempertahankan Gabunga https://t.co/9qi1V0hAza	80420	Neutral	27	2409	2022-01-28T04:41:23.806986Z	2022-01-28T04:41:23.806998Z	5.482
Rakyat bukan sahaja tengah berperang dengan virus Covid-19, tetapi juga berperang dengan kebodohan kerajaan.	80419	Negative	27	2408	2022-01-28T04:41:17.902289Z	2022-01-28T04:41:17.902303Z	2.019
Salah DAP ni	80418	Negative	27	2407	2022-01-28T04:41:15.391360Z	2022-01-28T04:41:15.391374Z	1.286
PERATUS KEHADIRAN KE PEJABAT PENJAWAT AWAM NEGERI SABAH Sumber : Kenyataan Media Harian Kerajaan Negeri Sabah, 6 Jun 2021 #JaPenSabah #SabahMajuJaya https://t.co/VkySCEP9Bb	80417	Neutral	27	2406	2022-01-28T04:41:13.692443Z	2022-01-28T04:41:13.692457Z	3.215
@SukmawatiIsmail Lagi suka MCA &amp; Gerakan, apabila UMNO bergabung dgn PH, adanya DAP..Parti Dap mnjadi parti berbesa https://t.co/MFrbOd4qs5	80416	Neutral	27	2405	2022-01-28T04:41:10.014263Z	2022-01-28T04:41:10.014291Z	4.721
Izinkan aku pindah keluar dari negara ni. Makin bengap kerajaan ni. Baik bagi Boy Iman jadi PM	80415	Negative	27	2404	2022-01-28T04:41:04.890617Z	2022-01-28T04:41:04.890630Z	1.548
Kahkahkah bersepah akaun may 2021 menyemak konon nak puji tindakan kerajaan. Babi punya cytro main taik la sial	80414	Negative	27	2403	2022-01-28T04:41:02.929520Z	2022-01-28T04:41:02.929534Z	5.052
Sedikit penjelasan mengenai kuasa Negeri-Persekutuan. Kalau baca rencana di bawah, ini adalah cadangan Kerajaan Negeri yang perlu dilaksanakan oleh Persekutuan. Ingat, kuasa untuk kawal pergerakan atas sebab Covid ini adalah bawah Akta 342, bidangkuasa Menteri Kesihatan.	80413	Neutral	27	2402	2022-01-28T04:40:57.472953Z	2022-01-28T04:40:57.472968Z	7.626
Saye bukan kerajaan sarawak, just one of kumis2 kecil yang bangge dgn hasil mcm ni https://t.co/cgHLJQcvw3	80412	Negative	27	2401	2022-01-28T04:40:49.474169Z	2022-01-28T04:40:49.474182Z	1.552
@zack_rockstar Kenali Timbalan Menteri Pertanian 2 Anda! Tak kenal maka tak ingat masa PRU akan datang! Dato Haji Che Abdullah Mat Nawi (PAS), Ahli Parlimen (MP) Tumpat, Kelantan. Ingat nama, muka dan parti! Suwitnya YB! Jeles wanita di luar sana! Tahniah! #KenaliAhliPolitikAnda https://t.co/3FrQHr9prz	80411	Positive	27	2400	2022-01-28T04:40:47.507092Z	2022-01-28T04:40:47.507109Z	6.058
@RajaPetra Jap aku bukan Malay or aku just bukan golongan 90% tu. Sama macam Terengganu please lah umno, aku perc https://t.co/GpwBl3MuGn	80410	Negative	27	2399	2022-01-28T04:40:41.004826Z	2022-01-28T04:40:41.004840Z	5.308
@eekmalahmad Saya paling terkesan, barber X boleh buka, Kedai baju lagi la, Kontrak kerajaan terserlah lupp. Yg Mas https://t.co/CCQeBB0HrF	80409	Negative	27	2398	2022-01-28T04:40:35.291611Z	2022-01-28T04:40:35.291636Z	2.217
kerajaan betul2 buat rakyat mengemis ea??baik dari vaksin smpi bantuan?? oh malaysiaku.. yg penting melayu isle buk https://t.co/bAipuzfVPe	80408	Negative	27	2397	2022-01-28T04:40:32.689305Z	2022-01-28T04:40:32.689319Z	2.141
Bagi la PH balik	80407	Neutral	27	2396	2022-01-28T04:40:30.147843Z	2022-01-28T04:40:30.147857Z	2.291
Jangan pernah putus harapan https://t.co/pkR7xjSq8U	80406	Positive	27	2395	2022-01-28T04:40:27.472851Z	2022-01-28T04:40:27.472864Z	1.768
Politik hospital?? Tapi yang kena MAKI KUTUK sape? Menteri laa apa lagi..lol	80405	Negative	27	2394	2022-01-28T04:40:25.267758Z	2022-01-28T04:40:25.267772Z	1.36
"@brandalsantri45 Rakyat Lemah Harus Bangkit dan bersatu Lawan Penjajah dalam Negeri, atau wis siap"" isap jempol, https://t.co/LFO7DsDU7y"	80404	Negative	27	2393	2022-01-28T04:40:23.481952Z	2022-01-28T04:40:23.481967Z	2.863
Cek faktanya guyss, jangan termakan Hoax. Nusantara Bersatu https://t.co/K7QMjBmx2w	80403	Negative	27	2392	2022-01-28T04:40:20.247713Z	2022-01-28T04:40:20.247728Z	1.457
Pulak.!! Nampak macam hebat sangat PH Selangor ne, Puak PH le yang melalak nak kan sangat Parlimen dibuka. Kenapa https://t.co/h7jgketBfu	80402	Negative	27	2391	2022-01-28T04:40:18.374685Z	2022-01-28T04:40:18.374703Z	1.335
Harap kerajaan mempertimbangkan moratorium kepada penjawat awam yang membuat pinjaman perumahan melalui LPPSA. Ad https://t.co/ff9xdss33N	80401	Positive	27	2390	2022-01-28T04:40:16.620317Z	2022-01-28T04:40:16.620329Z	22.539
PAS mmg Parti Syaithan @DPPMalaysia	80400	Negative	27	2389	2022-01-28T04:39:53.680070Z	2022-01-28T04:39:53.680085Z	2.083
@SyedSaddiq Kerajaan gagal sebab politisyen degil, kepala batu, tak kompeten, tak cerdik, pekak dan buta.	80399	Negative	27	2388	2022-01-28T04:39:51.188608Z	2022-01-28T04:39:51.188621Z	2.129
Get out you PN bn dari kerajaan.bangsat semua gagal.moga raja2 melayu Dan ATM nanti ambil alih Malaysia .jika kes n https://t.co/GDMRm3tjBl	80398	Negative	27	2387	2022-01-28T04:39:48.643146Z	2022-01-28T04:39:48.643164Z	1.898
Sedara nie tak paham kot..Peruntukkan diberi mengikut parlimen titiwangsa...Kalau sedara mengundi kat johor tapi na https://t.co/6u5ph6liSv	80397	Negative	27	2386	2022-01-28T04:39:46.313383Z	2022-01-28T04:39:46.313398Z	2.685
Kan best kalau tak pkp. Boleh main bola. Semua salah kerajaan ketum hm	80396	Negative	27	2385	2022-01-28T04:39:43.237684Z	2022-01-28T04:39:43.237699Z	2.757
"""Dlm perjumpaan saya dgn Menteri Besar, dibentangkn oleh Kerajaan Negeri bahawa kapasiti Selangor adalah 40 ribu se https://t.co/938wFc2Cdg"	80395	Positive	27	2384	2022-01-28T04:39:40.051078Z	2022-01-28T04:39:40.051094Z	9.88
Takde jaminan kalau katak PPBM kalah nanti akan stay Dalam parti terutamanya katak Sabah.	80394	Negative	27	2383	2022-01-28T04:39:29.773513Z	2022-01-28T04:39:29.773528Z	2.025
PAS - Parti Analogi Se Malaysia. segala tiang gol, adik beradik susuan, solat isyak solat subuh. apabenda la.	80393	Negative	27	2382	2022-01-28T04:39:27.364120Z	2022-01-28T04:39:27.364133Z	1.885
Dengar2 Virus Covid variant baru boleh merebak melalui talian internet. Itulah kali alasan kenapa Kongres PKR dimin https://t.co/BvixvtLINQ	80392	Negative	27	2381	2022-01-28T04:39:25.070672Z	2022-01-28T04:39:25.070687Z	2.314
Alhamdulillah, sama2 bantu kerajaan memerangi Covid19, menyelamatkan nyawa rakyat dan memulihkan semula negara. Buk https://t.co/A4uyo9BtXL	80391	Positive	27	2380	2022-01-28T04:39:22.359764Z	2022-01-28T04:39:22.359778Z	2.756
Paham je kenapa tak tutup kilang, mestilah sebab big business, cuma kerajaan kena bagitau mcm ni kt rakyat, tak semua rakyat faham. Setiap tindakan kena ada explaination. Bila org tak faham, org akan riot. So salah sapa, memang salah kerajaan sebab tak kompeten. Sekian	80390	Negative	27	2379	2022-01-28T04:39:19.195697Z	2022-01-28T04:39:19.195715Z	3.312
@KKMPutrajaya Jumlah kes di selangor dgn Negeri shj dah lebih separuh jumlah kes di Malaysia.. sepatutnya kerajaan https://t.co/mnDrdUYB2N	80389	Negative	27	2378	2022-01-28T04:39:15.462379Z	2022-01-28T04:39:15.462394Z	4.717
@UMNO_2021 Tak repot Zahid kepada Lembaga Disiplin Umno ke?	80388	Negative	27	2377	2022-01-28T04:39:10.324508Z	2022-01-28T04:39:10.324524Z	6.435
@LagaCawan Boleh je dorg pusing mcm kat perak..turunkan mb bersatu lantik pm umno..tak dirrrr	80387	Negative	27	2376	2022-01-28T04:39:03.458885Z	2022-01-28T04:39:03.458898Z	4.927
Bayangkan jika kedua Gerakan ini bersatu. Kalian bakalan seperti Kerupuk Kesiram Air !! Seperti es batu dibawah terik matahari !! https://t.co/Uxmpu8d9fL	80386	Negative	27	2375	2022-01-28T04:38:58.125899Z	2022-01-28T04:38:58.125912Z	2.578
@rumillionn1 @youngsyefura Mmg lah umno pgg lg. Aku tak ckp psal parti. Aku cuma ckp psal krjaan pahang buat. Baik https://t.co/2J8b4vtPLS	80385	Negative	27	2374	2022-01-28T04:38:55.169140Z	2022-01-28T04:38:55.169153Z	2.477
syed saddiq posting keluar masuk barang keperluan untuk rakyat, kerajaan banyak posting keluar masuk kereta dorang, lastly no outcome for rakyat, jawatan yg dicari https://t.co/9Oqw4HhXUA	80384	Negative	27	2373	2022-01-28T04:38:52.293989Z	2022-01-28T04:38:52.294003Z	12.132
Bila nak undi angkat bendera parti boleh pulak Bila rakyat nak bantuan angkat bendera putih dilarang Apa nasib dpt https://t.co/uCL91UvsT8	80383	Negative	27	2372	2022-01-28T04:38:39.758000Z	2022-01-28T04:38:39.758013Z	19.615
@TT010816000 @B_AG11 @narkosun Politisi itu memang aneh, politik memang persepsi, tp saya tidak dapat memahami gera https://t.co/zYSNBt7MOG	80382	Negative	27	2371	2022-01-28T04:38:19.725758Z	2022-01-28T04:38:19.725774Z	4.233
@heeyydiii Sinovac, WHO dah endorse. Benda ni politik je, yang tu biar Kementerian Luar Negeri arrange. tak perlu https://t.co/YrUrQFNCnj	80381	Negative	27	2370	2022-01-28T04:38:15.080163Z	2022-01-28T04:38:15.080185Z	4.441
Politik politik politik. Same je lah sape yang naik pun. Aku tetap xkaya hahahahahahaha	80380	Negative	27	2369	2022-01-28T04:38:10.228006Z	2022-01-28T04:38:10.228021Z	2.091
@NikYahya2 @501Awani Di kelantan yb tak cakap sangat ttg politik dah..mereka sibuk beli tanah kumpul harta. Musim menuai	80379	Negative	27	2368	2022-01-28T04:38:07.718885Z	2022-01-28T04:38:07.718899Z	2.597
sebab kau la rakyat terpaksa buat mcm ni, sebok pulak kau suntik politik ya?	80378	Negative	27	2367	2022-01-28T04:38:04.740101Z	2022-01-28T04:38:04.740114Z	7.46
tq kerajaan wilayah sarawak #kerajaangagal https://t.co/NvbUwCRE8n	80377	Negative	27	2366	2022-01-28T04:37:56.893692Z	2022-01-28T04:37:56.893706Z	2.096
Siapa perlukan BERSATU kalau MB Johor yang ada buat masa sekarang ni boleh berfungsi baik daripada si penjaga nanas? Waktu pandemik jangan berpolitik Tumpu rakyat..kes masih tinggi.	80376	Negative	27	2365	2022-01-28T04:37:54.392981Z	2022-01-28T04:37:54.392995Z	3.305
Aah. Semua salah orang semenanjung. Yet korang juga undi kerajaan anak beranak Taib (BN) and later GPS every election. Yang discriminate sarawak &amp; sabah selain federal govt ialah anak sabah &amp; sarawak sendiri. Buka lah mata tu.	80375	Negative	27	2364	2022-01-28T04:37:50.653341Z	2022-01-28T04:37:50.653357Z	4.75
Berjuta-juta rakyat berterima kasih pada Najib. Korang? Syarat puteri Gunung Ledang dibilangnya. Siap kecam Najib. Akhirnya cubaan claim kredit tanpa berterima kasih pada Najib oleh pemimpin kerajaan PN diketawakan netizen.	80374	Negative	27	2363	2022-01-28T04:37:45.430379Z	2022-01-28T04:37:45.430392Z	5.96
Lepas Tu cakap la video tahun Lepas masa bawah Bersatu.....kikiki...MP Batu Pahat memalukan bangsa melayu...PPIM Ka https://t.co/qgUkdDZFHi	80373	Negative	27	2362	2022-01-28T04:37:38.996846Z	2022-01-28T04:37:38.996860Z	1.872
Apa hal Ronnie Liu boleh sampai Pahang? Perangai DAP sekor ni memang macam... Dia juga yang tiba2 ada kat Sheraton PJ Februari lepas.	80372	Negative	27	2361	2022-01-28T04:37:36.612429Z	2022-01-28T04:37:36.612443Z	1.647
Manuver Politik Pegawai KPK yang Tidak Lolos TWK Sudah Saatnya Dihentikan https://t.co/h8kDmO6cP0 Nusantara Kuat https://t.co/TMxaaTcnsH	80371	Negative	27	2360	2022-01-28T04:37:34.559445Z	2022-01-28T04:37:34.559453Z	4.772
Aku rasa semua org dah tahu DAP mmg perangai yahudi dari dulu	80370	Negative	27	2359	2022-01-28T04:37:29.353691Z	2022-01-28T04:37:29.353713Z	3.058
@CheEijaSayang @Bront_Palarae @kmladnan_ @farhanzulkefly @adzman86 @AntiCytro Kalau lah pembangkang ni bagus sangat https://t.co/MIYL6YLe3c	80369	Negative	27	2358	2022-01-28T04:37:25.877453Z	2022-01-28T04:37:25.877466Z	96.589
Bapak taik nya org politik.	80368	Negative	27	2357	2022-01-28T04:35:48.826624Z	2022-01-28T04:35:48.826638Z	2.645
Wahai anak muda. lihatlah akibat dari tersalah undi. Ingat ye, pilihanraya bukan tempat untuk test test cuba jaya.. pic: MRT Kepong era PH. https://t.co/T98hLE340Y	80367	Negative	27	2356	2022-01-28T04:35:45.759953Z	2022-01-28T04:35:45.759966Z	268.957
@ggnajiihah Aku kan benci betul bila benda camni politik capub! Dasar org tua IQ cetek takleh pikir satu benda pun https://t.co/UOJf3WdSIY	80366	Negative	27	2355	2022-01-28T04:31:16.355286Z	2022-01-28T04:31:16.355300Z	3.036
Kerajaan ni sumpah takde humanity do babi laa	80365	Negative	27	2354	2022-01-28T04:31:12.929256Z	2022-01-28T04:31:12.929287Z	0.966
babi kerajaan mahiadin kimak ni memang kene dapat ersepsi yang negatif pun anat	80364	Negative	27	2353	2022-01-28T04:31:11.566477Z	2022-01-28T04:31:11.566494Z	3.178
Mak aku masak tempe goreng dap dap ae	80363	Positive	27	2352	2022-01-28T04:31:07.972277Z	2022-01-28T04:31:07.972313Z	1.817
Ya Tuhan kami, ampunilah aku dan ibu bapakku dan semua orang2 yg beriman di hari perhitungan nanti. (QS. 14 : 41) https://t.co/KwajF0pH50	80362	Positive	27	2351	2022-01-28T04:31:05.765061Z	2022-01-28T04:31:05.765073Z	6.475
semoga lingkup next pru! fak umno	80361	Negative	27	2350	2022-01-28T04:30:58.901369Z	2022-01-28T04:30:58.901382Z	1.631
@MenteriBesarNS MB, kes N9 tinggi sekarang ni, kerajaan negeri memang tiada kuasa untuk menutup kilang-kilang ke? A https://t.co/aDhmWBsJYj	80360	Negative	27	2349	2022-01-28T04:30:56.889257Z	2022-01-28T04:30:56.889273Z	1.538
Kinerja KPK semakin baik masyarakat mendukung menu KPK untuk terus bersinergi memberantas tindakan korupsi Bersatu https://t.co/FX46eVdFHI	80359	Positive	27	2348	2022-01-28T04:30:54.960701Z	2022-01-28T04:30:54.960715Z	2.025
@mynewshub @tokmatn9 Secara tradisi Timbalan Presiden Parti adalah juga Pengarah P/Raya Parti...patut awal2 lagi da https://t.co/7hnf8Q2ToD	80358	Negative	27	2347	2022-01-28T04:30:52.538037Z	2022-01-28T04:30:52.538050Z	2.974
Kalau Atok tu sudah tiada dalam arena politik Malaysia, Ke mana mereka nak lari? Yang sokongnya sekarang hanyalah Wala' Tok (Walaun Mahathir). YB Johari Abdul dah sebut dah tahun lepas, itu hanyalah surat cadangan Calon MB Kedah sekiranya PH hilang majoriti. https://t.co/A4TpuV5ipN	80357	Negative	27	2346	2022-01-28T04:30:49.167605Z	2022-01-28T04:30:49.167621Z	3.499
Beria ucap tahniah kat YAB TPM baharu tapi beria juga dok sebut kerajaan gagal	80356	Negative	27	2345	2022-01-28T04:30:45.282676Z	2022-01-28T04:30:45.282691Z	1.977
Dia buat parti dalam balai teros	80355	Negative	27	2344	2022-01-28T04:30:42.893838Z	2022-01-28T04:30:42.893855Z	4.937
Baru nampak dalam TL. Semakin berani dah rakyat. Pembangkang pun tak mau chaos sangat sebenarnya. Saya 50-50 dalam https://t.co/grzwImb77u	80354	Negative	27	2343	2022-01-28T04:30:37.562805Z	2022-01-28T04:30:37.562813Z	2.701
HARAP Kerajaan Johor dapat mempertimbang menggunakan perkhidmatan mereka yang secara tidak langsung dapat memperce https://t.co/bmS7XL39zc	80353	Negative	27	2342	2022-01-28T04:30:34.499435Z	2022-01-28T04:30:34.499450Z	0.901
So Selangor kerajaan gagal https://t.co/1cE4xNx3Cq	80352	Negative	27	2341	2022-01-28T04:30:33.217872Z	2022-01-28T04:30:33.217885Z	0.902
Mana lah aku tak marah kerajaan gagal ni. Aku nk pergi kerja setannnn. Bukan pergi melanconggg.	80351	Negative	27	2340	2022-01-28T04:30:31.927288Z	2022-01-28T04:30:31.927301Z	2.052
Babinsa Ds.Gilirejo, Koptu Triyanto bersama Satgas Covid Desa, melaksanakan Penyemprotan Desinfektan di rumah Bp.Pu https://t.co/2xnVyjx0bn	80350	Positive	27	2339	2022-01-28T04:30:29.453338Z	2022-01-28T04:30:29.453352Z	29.472
Eh!!!! Sebelum PRN Sabah kes 0 tau!!!! Nil case. Ape jadi skrg adalah rentetan ahli politik la punye keje. Lepas tu https://t.co/m72d3s0HGY	80349	Negative	27	2338	2022-01-28T04:29:59.609168Z	2022-01-28T04:29:59.609181Z	1.212
Pembangkang tak pernah rasa lelah dan lemah cuma kerajaan GAGAL NI TAK TAU MALU	80348	Negative	27	2337	2022-01-28T04:29:58.015093Z	2022-01-28T04:29:58.015109Z	1.102
[TERKINI] Ahli-Ahli Parlimen Barisan Nasional (BN) sepakat untuk kekal menyokong Kerajaan Perikatan Nasional (PN) dan Tan Sri Muhyiddin Yassin selaku Perdana Menteri. @501Awani	80347	Positive	27	2336	2022-01-28T04:29:56.497017Z	2022-01-28T04:29:56.497033Z	24.171
Boss Boss Penang egokuat juga ya. Thot egokuat is a BN affliction https://t.co/O5POLw98cq	80346	Negative	27	2335	2022-01-28T04:29:31.954775Z	2022-01-28T04:29:31.954789Z	1.918
@aliyarivera__ yes bekalan tak cukup (kalau ikutkan berita la) haha. so pendek kata kerajaan ni macam ex la, awal https://t.co/lEhZluqmgT	80345	Negative	27	2334	2022-01-28T04:29:29.587244Z	2022-01-28T04:29:29.587256Z	2.552
Bagi sesiapa yang tengah mencari kerja, kerajaan ada bantuan khas dibawah PEMULIH iaitu kepada bukan pencarum PERKESO. Hangpa akan dapat elaun sebanyak RM300 selama 2 bulan untuk hangpa hadiri temu duga terbuka (fizikal dan 'online'). https://t.co/kJwYNSGSin	80344	Positive	27	2333	2022-01-28T04:29:26.669852Z	2022-01-28T04:29:26.669867Z	2.327
dah kata dah undi je Parti Ekonomi Kebangsaan #ytjt	80343	Neutral	27	2332	2022-01-28T04:29:23.949865Z	2022-01-28T04:29:23.949880Z	8.251
Kerajaan negeri akan membuka satu lagi Pusat Pemberian Vaksin (PPV) di Daerah Kampar iaitu di Pusat Kesihatan Kemas Gopeng yang boleh menampung lebih 400 penerima sehari. #SuaraPerak https://t.co/Lshtd68tZg	80342	Positive	27	2331	2022-01-28T04:29:15.314418Z	2022-01-28T04:29:15.314432Z	1.629
Hampa la yang tak habis habis pasal politik hampa tu! Kalau dak mai mana kes duk sama tang tu ja	80341	Negative	27	2330	2022-01-28T04:29:13.274364Z	2022-01-28T04:29:13.274377Z	1.791
@suk_selangor kerajaan Selangor tidak berhati perut. Masa PKP boleh seksa orang. Time orang tak ada kerja boleh sek https://t.co/Nll9XmhP6O	80340	Negative	27	2329	2022-01-28T04:29:11.072776Z	2022-01-28T04:29:11.072791Z	3.792
Hampir semua ore kelate yang aku kenal power-power, kerajaan je yang hampeh. https://t.co/FVyLREAhhP	80339	Negative	27	2328	2022-01-28T04:29:06.898758Z	2022-01-28T04:29:06.898772Z	2.328
Tak pasti kerajaan ke institut penyelidikan	80338	Neutral	27	2327	2022-01-28T04:29:04.162982Z	2022-01-28T04:29:04.163020Z	2.515
Dia la Yang menjarah minyak sabah Demi kepentingan Tabung UMNO. Sekarang bersedia menjarah Negara setelah menjadi PM interim.	80337	Negative	27	2326	2022-01-28T04:29:01.254365Z	2022-01-28T04:29:01.254383Z	1.561
Penamatan PKPD di Sabah Sumber: Kenyataan Media Harian Kerajaan Negeri Sabah, 19 Julai 2021 https://t.co/y4HlAzPizl	80336	Neutral	27	2325	2022-01-28T04:28:59.310310Z	2022-01-28T04:28:59.310322Z	157.533
@faridabas31 Ahli politik senang, jadi criteria buat2 bodoh je.	80335	Negative	27	2324	2022-01-28T04:26:21.315602Z	2022-01-28T04:26:21.315614Z	4.942
bubar je la parlimen @ISTANANEGARA_ kerajaan dgn pembangkang dulu tk berguna baik mati je.	80334	Negative	27	2323	2022-01-28T04:26:15.982170Z	2022-01-28T04:26:15.982185Z	1.15
Pagi ini saya kunjung hormat kpd Dato' Zamani Ahmad Mansor, Datuk Bandar Shah Alam yg baharu. Beliau merupakan mantan Timbalan Setiausaha Kerajaan Negeri Selangor. Perbincangan menjurus kpd perancangan serta dasar berkait dgn kesejahteraan dan kelestarian bandaraya Shah Alam. https://t.co/H1ldIHFA8r	80333	Positive	27	2322	2022-01-28T04:26:14.433918Z	2022-01-28T04:26:14.433937Z	2.857
BERNAMA MMG PALAT BIAS NEGERI KOMINIS DAP DORANG COVER CITA KAT NEGERI KONSERVATIF BUAT DUNNO JAGA SENSITIVITY BAYA https://t.co/y3ZBNEAEKI	80332	Negative	27	2321	2022-01-28T04:26:11.193835Z	2022-01-28T04:26:11.193849Z	1.46
PH gaduh dengan PH + kluster mahkamah. Rakyat pulak tanggung derita covid. Babie punya MB Selangor! Babie punya PH! https://t.co/gZlFXrR8yM	80331	Negative	27	2320	2022-01-28T04:26:09.356768Z	2022-01-28T04:26:09.356783Z	1.164
@M_uhauha_no @tunfaisal KERAJAAN BANGSAT BUAT SABAH PASTU EFFECT SETIAP RAKYAT MALAYSIA . Tu kau kata tolong rakyat ?	80330	Negative	27	2319	2022-01-28T04:26:07.778333Z	2022-01-28T04:26:07.778345Z	1.714
#Kuching Semua presiden komponen Gabungan Parti Sarawak (GPS) akan mengadakan pertemuan dengan Yang di-Pertuan Agong, Al-Sultan Abdullah Ri'ayatuddin Al-Mustafa Billah Shah, Isnin ini. https://t.co/1HxXtFCSPM	80329	Positive	27	2318	2022-01-28T04:26:05.663007Z	2022-01-28T04:26:05.663022Z	4.171
Emm dap https://t.co/cYWNh7NjNG	80328	Neutral	27	2317	2022-01-28T04:26:01.096759Z	2022-01-28T04:26:01.096787Z	1.836
Setelah mendapat izin ia bergegas menggendong gadis kecil itu, seolah tengah menggendong seorang Puteri. https://t.co/bN01i0Fmt8	80327	Neutral	27	2316	2022-01-28T04:25:58.838592Z	2022-01-28T04:25:58.838606Z	7.106
Ntah la, at the end aq rsa YDPA pon punca juga. Tak firm, slow buat decision &amp; menurut je apa gang Kerajaan buat.. #PrayForMalaysia	80326	Negative	27	2315	2022-01-28T04:25:51.320393Z	2022-01-28T04:25:51.320406Z	10.882
Hutan nak jual, airport nak jual. Semua benda nak jual. Bodoh punya kerajaan.	80325	Negative	27	2314	2022-01-28T04:25:40.039205Z	2022-01-28T04:25:40.039217Z	1.748
Pagi ini merupakan hari keputusan kes rayuan saman sivil oleh keluarga Kamarulnizam &amp; Kerajaan Malaysia serta PDRM. Kamarulnizam mati dlm Penjara Tapah pd tahun 2014 selepas beberapa hari dimasukkan ke dlm penjara. Peguam diketuai M. Visvanathan dibantu V.Sanjay Nathan &amp; R.Karnan https://t.co/NSb0dzEetg	80324	Negative	27	2313	2022-01-28T04:25:37.892346Z	2022-01-28T04:25:37.892359Z	2.901
@amirxabdhadi @H_Bakkaniy Korang ni susah sangat ke nak keluar kenyataan rasmi dengan logo parti.. ke sebab ROS tak https://t.co/IJBwYNzIzU	80323	Negative	27	2312	2022-01-28T04:25:34.591184Z	2022-01-28T04:25:34.591196Z	6.846
Seorang yang lahir dan mendapat IC Biru adalah pendatang - Ketua Pemuda UMNO Subang.	80322	Negative	27	2311	2022-01-28T04:25:27.341197Z	2022-01-28T04:25:27.341213Z	7.979
Baru nak mengharap dapat hospital kerajaan baru, kalau pergi Hospital Serdang memang penuh, kalau pg Hospital Putrajaya mahal. Haih harapan hancur.	80321	Negative	27	2310	2022-01-28T04:25:18.964701Z	2022-01-28T04:25:18.964714Z	2.608
@anne_nma Dekat Terengganu kad tu dipanggil Kad Sejahtera. Around RM500 kerajaan peruntukan kpd pengguna kad tu, ta https://t.co/qvu59RwYFk	80320	Positive	27	2309	2022-01-28T04:25:15.972690Z	2022-01-28T04:25:15.972705Z	6.414
Perkhidmatan bas percuma merangkumi 23 pusat vaksinasi - https://t.co/724neC0kWz Kerajaan Selangor telah memperluas https://t.co/4tax7c4vA3	80319	Positive	27	2308	2022-01-28T04:25:09.166677Z	2022-01-28T04:25:09.166691Z	2.652
Kamulah??! MOELDOKO yang sebenarnya lalat politik itu sendiri	80318	Negative	27	2307	2022-01-28T04:25:06.133068Z	2022-01-28T04:25:06.133082Z	1.834
Sesiapa pun yang naik jadi kerajaan lepas ni, satu pun susah dah nak percaya. Mula nya kata nak jaga rakyat, tapi s https://t.co/cLS7A2cUMW	80317	Negative	27	2306	2022-01-28T04:25:03.883237Z	2022-01-28T04:25:03.883251Z	3.368
#INFO Kerajaan Negeri Selangor memperuntukkan sejumlah RM10.7 juta bagi meneruskan Program Saringan Covid-19 fasa ketiga bertumpu di lokasi jangkitan tinggi termasuk sektor perkilangan. Berita lanjut: https://t.co/Jk8zvs5J9z https://t.co/sle2KkJ0mS	80316	Positive	27	2305	2022-01-28T04:25:00.099984Z	2022-01-28T04:25:00.099997Z	2.653
Gago mok ekot masuk 6 ft under juak lah ya. Mok blame SOP lah kerajaan lah apa lah semua, sekali benda camtok juak jadi. Entingal nar juak. https://t.co/zwdGlZUJnF	80315	Negative	27	2304	2022-01-28T04:24:57.067840Z	2022-01-28T04:24:57.067853Z	1.874
@joshuachong360 @bijak_politik @twilight2710 @lomangpulut @aauuzzaa Ye Kedah Tua lembah bujang langkasuka chih Tu s https://t.co/6v5PyLm9Gp	80314	Positive	27	2303	2022-01-28T04:24:54.780410Z	2022-01-28T04:24:54.780425Z	9.013
@MalaysianStyles @anwaribrahim Hahahaha yes we all know punca kenaikan kes sbb prk sabah. Tp punca parti ph bubarka https://t.co/9XCEUURFvc	80313	Negative	27	2302	2022-01-28T04:24:45.356963Z	2022-01-28T04:24:45.356975Z	5.545
Kalau kerajaan Penang still nak teruskan tambak, warga Penang kene turun demo tengah laut macam Bali buat dulu untuk #TolakReklamasi #PenangTolakTambak #CancelPSR https://t.co/9uk9zpkJtI	80312	Negative	27	2301	2022-01-28T04:24:39.405758Z	2022-01-28T04:24:39.405772Z	4.328
@JacJacquel @starfess Kerja keras mereka biar bersatu lagi patut diacungi jempol sih Cintanya ke ahgase juga	80311	Positive	27	2300	2022-01-28T04:24:34.693252Z	2022-01-28T04:24:34.693264Z	7.049
Tindakan terlalu perlahan sehingga ambil masa lama menyebabkan pekebun terbabit kaut keuntungan berjuta-juta tanpa sebarang hasil kepada Kerajaan Pahang. - Aktivis alam sekitar #isukebunharam #sinarharian https://t.co/Iuay1xSZjU	80310	Negative	27	2299	2022-01-28T04:24:27.241765Z	2022-01-28T04:24:27.241778Z	1.888
@emrhaqim Ko cakap senang la cuba kau jd kerajaan	80309	Negative	27	2298	2022-01-28T04:24:24.967828Z	2022-01-28T04:24:24.967843Z	1.843
#kangar Sasaran itu berdasarkan lima strategi yang dirangka kerajaan negeri bersama Badan Bertindak Imunisasi Covid-19 (CITF), yang sedang dan dilaksanakan dalam tempoh terdekat. https://t.co/MaOGP0P8Hr	80308	Positive	27	2297	2022-01-28T04:24:22.741960Z	2022-01-28T04:24:22.741972Z	3.118
Admin | Setinggi tahniah saya ucapkan kepada YB Dato Seri @IsmailSabri60 di atas pelantikan sebagai Timbalan Perdana Menteri. Semoga dengan pelantikan ini dapat menguatkan pentadbiran Kerajaan dan merancakkan lagi usaha bersama memerangi COVID-19 dalam pelan #Pemulih negara. https://t.co/MCdJbwNqEE	80307	Positive	27	2296	2022-01-28T04:24:19.216948Z	2022-01-28T04:24:19.216962Z	4.967
Tak lama lagi Najib pulak lepas dan bebas.. akhirnya Malaysia jadi kerajaan yg amat memalukan..	80306	Negative	27	2295	2022-01-28T04:24:13.862391Z	2022-01-28T04:24:13.862404Z	1.675
DASHBOARD INFOGRAFIK, 20 JUN 2021 Kapasiti Penggunaan Katil di Hospital COVID-19 Statistik Vaksinasi Negeri Sabah Fasa 1 &amp; 2 Sekatan Jalan Raya Sumber: Kenyataan Media Harian Kerajaan Negeri Sabah, 20 Jun 2021 #JaPenSabah #MenangBersama https://t.co/JCi4pijEjl	80305	Neutral	27	2294	2022-01-28T04:24:11.734893Z	2022-01-28T04:24:11.734908Z	3.151
Gabungan Parti Sarawak affirms support for Perikatan Nasional, Muhyiddin https://t.co/52cylcLkTg https://t.co/52cylcLkTg	80304	Positive	27	2293	2022-01-28T04:24:08.179199Z	2022-01-28T04:24:08.179212Z	2.569
ph memerintah lagi teruk kot...dah agak...lah..	80303	Negative	27	2292	2022-01-28T04:24:05.239258Z	2022-01-28T04:24:05.239274Z	2.237
@lukhmanian dua tiga member tak berapa dengan dia sebab politik and cakap sebab nampak sombong haha. Yang sebab ken https://t.co/SIABiGRnlD	80302	Negative	27	2291	2022-01-28T04:24:02.589647Z	2022-01-28T04:24:02.589671Z	11.538
Lebih dari 20 orang. Polis mana nak buat kerja yg ni. Polis kan anjing kerajaan. Bootlicker	80301	Negative	27	2290	2022-01-28T04:23:50.671944Z	2022-01-28T04:23:50.671958Z	1.494
MP Segamat keluar Bersatu? Dia keluar nak pi mana?	80300	Negative	27	2289	2022-01-28T04:23:48.776589Z	2022-01-28T04:23:48.776604Z	1.261
@theblacktopguy Geng2 pak lebai melayu isley=DAP https://t.co/JiZjTW1say	80299	Negative	27	2288	2022-01-28T04:23:47.113330Z	2022-01-28T04:23:47.113345Z	1.621
Kerajaan bersetuju melaksanakan PKPD di dua lokaliti di Kunak, Sabah yang melibatkan Kampung Pangi Hujung dan Kampu https://t.co/LhLkqZkMlL	80298	Positive	27	2287	2022-01-28T04:23:45.082150Z	2022-01-28T04:23:45.082166Z	4.394
Hmmmm kalaulah kerajaan bahagikan vaksin utk kawasan yg paling terjebak atau paling senang kena COVID-19 dulu mcm K https://t.co/RIgGecx0ij	80297	Negative	27	2286	2022-01-28T04:23:40.293828Z	2022-01-28T04:23:40.293843Z	2.392
@urdeathwarrant @TunCarlos666 Bila pula aku sokong DAP?? bodoh betul manusia mcm ni!! Ko kena ingat, ko pangkah sap https://t.co/Lgm17ZmQp9	80296	Negative	27	2285	2022-01-28T04:23:37.495610Z	2022-01-28T04:23:37.495624Z	3.06
Ada PM kesah ? Ada TPM kesah ? Ada menteri2 bodoh tu kesah ? Diorang kesah politik babi diorang je	80295	Negative	27	2284	2022-01-28T04:23:34.044287Z	2022-01-28T04:23:34.044300Z	2.044
Waspada manuver gerakan politik pegawai KPK yang tidak lolos KPK. TWK KPK Profesional #MAsahkanTWKdiKPK https://t.co/vuAVVGExGA	80294	Neutral	27	2283	2022-01-28T04:23:31.600237Z	2022-01-28T04:23:31.600250Z	4.774
Jarang2 nak masuk campur urusan politik ni. Hello @AzminAli marah sangat ke tak dilantik sebagai TPM? Kesian.. buat https://t.co/YU1uqENqOG	80293	Negative	27	2282	2022-01-28T04:23:26.441445Z	2022-01-28T04:23:26.441461Z	2.453
#KualaLumpur Sahabat Alam Malaysia (SAM) menggesa Kerajaan Pahang mengambil tindakan segera dengan menghentikan semua aktiviti perlombongan di tasik semula jadi kedua terbesar di Malaysia, Tasik Chini dan kawasan sekitarnya. https://t.co/PacSTuMXD9	80292	Positive	27	2281	2022-01-28T04:23:23.587541Z	2022-01-28T04:23:23.587554Z	2.712
PEMULIH: Kerajaan peruntukkan RM18 juta untuk bank tempatan sediakan 30 unit bank bergerak di Semenanjung Malaysia, https://t.co/LKVxyEUuqW	80291	Positive	27	2280	2022-01-28T04:23:20.474975Z	2022-01-28T04:23:20.474990Z	1.653
"@octoberKidd24 @rxzkammr_ @Laniimaee Jadi inget lagu ""Ayo kita bersatu, ganyang kepala batu"""	80290	Neutral	27	2279	2022-01-28T04:23:18.411888Z	2022-01-28T04:23:18.411901Z	4.941
@zarrahsaurus I dont think calling cina india pendatang is a good thing but spreading false information and being palatao aint it sisteru know portugis yang hancurkan kerajaan melayu melaka right? kalau takde melayu,nyonyas cultures takkan wujud	80289	Negative	27	2278	2022-01-28T04:23:13.060152Z	2022-01-28T04:23:13.060168Z	2.515
@Syihabuddin93 @H_Bakkaniy Maaf saudara. Bendera putih ni juga ada naik dibeberapa negeri pembangkang seperti Selan https://t.co/82TsIvC91B	80288	Negative	27	2277	2022-01-28T04:23:10.148488Z	2022-01-28T04:23:10.148503Z	3.334
Kerajaan negeri Pahang diam ajer kerr aherherher #majuteruspahang	80287	Negative	27	2276	2022-01-28T04:23:06.386535Z	2022-01-28T04:23:06.386557Z	3.933
Bro, cuba sedar diri dulu sebelum tweet benda merapu. 1. Isu air Kelantan 2. Pembalakan di kwsn org asli sampai terjejas ekosistem 3. Beli kereta sampai 700K lpas dpt royalti 4. Sembang Hudud 5. Sebelum jd kerajaan duk kritik pasal pusat judi dan no ekor, skrg knp diam?	80286	Negative	27	2275	2022-01-28T04:23:02.076902Z	2022-01-28T04:23:02.076915Z	2.667
Uk bersidang tuk bntu ngra dia pulih dri pandemic. Mlysia brsidang tuk tukar kerajaan, buat pilihan raya, pstu 5th https://t.co/XIGfWiVUxX	80285	Negative	27	2274	2022-01-28T04:22:58.967970Z	2022-01-28T04:22:58.967985Z	1.661
Kenapa Ku Li bersuara terhadap kerajaan dan UMNO? Ini sebabnya... Ikuti temubual eksklusif bersama Ahli Parlimen G https://t.co/QiaBKr6z5Q	80284	Neutral	27	2273	2022-01-28T04:22:56.898851Z	2022-01-28T04:22:56.898868Z	3.483
Ketua Umno Sabah percaya kenyataan Nazri Aziz itu sekadar pandangan peribadi. #FMTNews #BungMoktarRadin https://t.co/Sydh8eH29M	80283	Neutral	27	2272	2022-01-28T04:22:52.997623Z	2022-01-28T04:22:52.997639Z	4.165
Azmin ni masa jadi pembangkang nampak bagus siot. Jadi menteri serupa waknat !	80282	Negative	27	2271	2022-01-28T04:22:48.450238Z	2022-01-28T04:22:48.450250Z	1.526
@wannerrunner @f4kr0ls00d itu pondok umno kan? Kenape gitu semak samun? Takde ular bertelur kat situ ke?	80281	Negative	27	2270	2022-01-28T04:22:46.527810Z	2022-01-28T04:22:46.527827Z	1.306
Kerajaan Johor serah 130,000 kit ujian RTK-Ag kepada JKNJ @KKMPutrajaya @Hasni_Johor https://t.co/3nal9oFo0K https://t.co/BCZTOWhVBQ	80280	Positive	27	2269	2022-01-28T04:22:44.824222Z	2022-01-28T04:22:44.824235Z	1.873
Kalau Takiyuddin kata kerajaan nak buka Parlimen Sept ini tak perlulah YDP Agung dan Raja2 Melayu adakan Mesyuarat https://t.co/vxHi1Tqvzn	80279	Negative	27	2268	2022-01-28T04:22:42.557279Z	2022-01-28T04:22:42.557288Z	1.956
Sesi Teknikal Sistem eMYInd bersama Kementerian Perumahan dan Kerajaan Tempatan (KPKT) sebentar tadi dipengerusika https://t.co/klumVWOOKx	80278	Neutral	27	2267	2022-01-28T04:22:40.224106Z	2022-01-28T04:22:40.224119Z	3.523
@iamjefrizain @PASPusat @umnoonline @PartiAmanah Semua ahli parti politik hanya pentingkan undi.	80277	Negative	27	2266	2022-01-28T04:22:36.317092Z	2022-01-28T04:22:36.317108Z	1.665
@RamliRizal Buseet.. jaman udah teknologi 5.0, jualan nya bukit algoritma, saat di beri kekuasaan, gaya politik nya https://t.co/9y30IzzgS6	80276	Negative	27	2265	2022-01-28T04:22:34.286762Z	2022-01-28T04:22:34.286775Z	4.634
Jauh sangat lari konteks. Perang Salib berlaku berbeza tahun dengan kerajaan Melaka. Even kerajaan Melaka tidak ter https://t.co/2f2a6fmiuy	80275	Negative	27	2264	2022-01-28T04:22:29.259825Z	2022-01-28T04:22:29.259838Z	6.21
kahkah ko menafikan, so betullakan kerajaan korang ni memang penuh taik, kalau kau in right position takkannya nak https://t.co/yF8mS4ffUK	80274	Negative	27	2263	2022-01-28T04:22:22.651845Z	2022-01-28T04:22:22.651858Z	6.064
Hampa nak maghah pasai pa, hampa kerajaan kot! https://t.co/139igIg4JL	80273	Negative	27	2262	2022-01-28T04:22:16.199536Z	2022-01-28T04:22:16.199551Z	2.312
Jadi? Ko mok undi sapa? DAP? Sik function. PKR? Berebut kuasa. Parti Dayak? Sik da maruah. Tweet kiang kaung pun sik guna juak. Bak kata asshole riya.. Twitter cuma echo chamber jak. Gedebang jak lebih. Sik juak ke cney2.	80272	Negative	27	2261	2022-01-28T04:22:13.496435Z	2022-01-28T04:22:13.496449Z	12.248
@amofficialmy Mungkin orang ni ado jawapan sebab skrg dia berada dalam kerajaan https://t.co/kDpoTZlQuk	80271	Neutral	27	2260	2022-01-28T04:22:00.854073Z	2022-01-28T04:22:00.854087Z	4.661
@PejuangJiwa Kenapa sampai begini? Sebab yang membuat keputusan yang menentukan nasib negara semua tak bijak, kan? https://t.co/2BN5xDOM6y	80270	Negative	27	2259	2022-01-28T04:21:55.813687Z	2022-01-28T04:21:55.813709Z	2.341
IMUNISASI COVID-19 | Pesawat Raya Airways TH 384, yang membawa satu juta vaksin Pfizer-BioNTech sumbangan kerajaan https://t.co/4gtWfooc9y	80269	Positive	27	2258	2022-01-28T04:21:53.088981Z	2022-01-28T04:21:53.088995Z	4.253
Dah mulaaaa dah permainan politik seks dia. Surely the lowest of the low.	80268	Negative	27	2257	2022-01-28T04:21:48.449571Z	2022-01-28T04:21:48.449586Z	1.762
Nak harap kerajaan sekarang dengar video ni berbicara? Rakyat mintak tutup kilang pun die pegi tutup tero Lembah Kl https://t.co/UR2GnkrIew	80267	Negative	27	2256	2022-01-28T04:21:46.301524Z	2022-01-28T04:21:46.301539Z	1.396
@KenaTroll Saya tak sebut langsung pasal kepimpinan dan politik dalam tweet saya berkaitan ni. Saya just sebut real https://t.co/N92sER6iUX	80266	Negative	27	2255	2022-01-28T04:21:44.502927Z	2022-01-28T04:21:44.502942Z	11.863
Al-kisahnya, parti pembangkang pun mati pucuk. #malaysia #malaysiakoyak #Malaysialockdown	80265	Negative	27	2254	2022-01-28T04:21:32.232343Z	2022-01-28T04:21:32.232357Z	2.05
10 kali pon kerajaan baru setahun je elok tahun kedua tengok la huru hara macam mana	80264	Negative	27	2253	2022-01-28T04:21:29.790707Z	2022-01-28T04:21:29.790721Z	4.389
Aku selalunya tak layan sangat politik atau ap yang jadi belakang tabir malaysia ni, tapi sejak dua menjak ni aku d https://t.co/njHmJmIJrg	80263	Negative	27	2252	2022-01-28T04:21:24.995239Z	2022-01-28T04:21:24.995257Z	2.898
Tukar regim umno lebih baik dari cuba hancur kan umno. Mybe ini yg sedang Di usahakan . Bila berlaku tukar regim https://t.co/CmmMDEr1kH	80262	Negative	27	2251	2022-01-28T04:21:21.710241Z	2022-01-28T04:21:21.710256Z	1.112
Penamatan PKPD pada 26 Jun 2021 (11.59 malam) Kampung Kadazan, Tawau Taman Villa Felca Nambazan, Penampang 2 Perkampungan di Kota Kinabalu &gt; Kg. Lobou 1 &gt; Kg. Bukit Permai Sumber: Kenyataan Media Harian Kerajaan Negeri Sabah, 25 Jun 2021 #JaPenSabah #MenangBersama https://t.co/8NHLqsXLhK	80261	Neutral	27	2250	2022-01-28T04:21:20.214321Z	2022-01-28T04:21:20.214337Z	4.511
Tuan punya badan time post ni mesti high sampai kerajaan langit ni	80260	Negative	27	2249	2022-01-28T04:21:15.316697Z	2022-01-28T04:21:15.316710Z	1.88
putus harapan dah dengan kerajaan baru ni.	80259	Negative	27	2248	2022-01-28T04:21:13.024530Z	2022-01-28T04:21:13.024542Z	6.569
Bantuan Khas Sarawakku Sayang (BKSS 5.0) melibatkan peruntukan berjumlah RM405 juta dalam inisiatif kerajaan Sarawak untuk meringankan beban rakyat dalam menghadapi penularan Covid-19. #BKKS #SarawakKuSayang #JapenSarawak #sodiakroks #pmrsibu https://t.co/gDxoYO3zRw	80258	Positive	27	2247	2022-01-28T04:21:06.079169Z	2022-01-28T04:21:06.079187Z	1.498
Wahai kerajaan bodoh yang bukak laundry sik nyuroh melipat baju di sia gi mampus lah renyok uniform aku caken mena	80257	Negative	27	2246	2022-01-28T04:21:04.211808Z	2022-01-28T04:21:04.211822Z	1.063
Kacau betol laa politik ni.. aduhai..	80256	Negative	27	2245	2022-01-28T04:21:02.707462Z	2022-01-28T04:21:02.707473Z	1.437
Satu usaha yang baik oleh kerajaan negeri Kelantan https://t.co/6b4psJ868w	80255	Positive	27	2244	2022-01-28T04:21:00.891947Z	2022-01-28T04:21:00.891960Z	1.448
Me otw to PAP nak ambik bantuan makanan kerajaan negeri Selangor. https://t.co/mBkXJ6MXvl	80254	Positive	27	2243	2022-01-28T04:20:59.050353Z	2022-01-28T04:20:59.050369Z	2.183
@anwaribrahim Ambil tindakan tegas atas kilang di Meru, Klang tu. Melindungi PATI adalah isu amat besar dan berat semasa FMCO. Rakyat disuruh duk rumah. Tapi kilang tak boleh dibenarkan melindungi PATI sama sekali. Rakyat Selangor gesa Kerajaan Pusat/Negeri pandang serius dan ambik tindakan.	80253	Negative	27	2242	2022-01-28T04:20:56.478297Z	2022-01-28T04:20:56.478311Z	4.365
Sebutlah secara terang. Demikianlah Kerajaan PN	80252	Negative	27	2241	2022-01-28T04:20:51.723343Z	2022-01-28T04:20:51.723355Z	3.034
@KKMPutrajaya Terengganu masih kekal dua digit. InsyaAllah kita turunkan lg hingga satu digit. Bersatu teguh, bercerai roboh!	80251	Positive	27	2240	2022-01-28T04:20:48.298762Z	2022-01-28T04:20:48.298778Z	4.533
@FarhanAsyraf12 Kerajaan kita sekarang kerajaan paling gagal dan taktau malu weyh	80250	Negative	27	2239	2022-01-28T04:20:43.377007Z	2022-01-28T04:20:43.377022Z	1.69
Kerajaan melayu isle Negeri serambi mekah Air bersih 2040 Pattla air kelantan tk jernih2.. Rupanya menyapu jgk. Bkn RM 27, tp RM27 Juta. https://t.co/MGWsCfz3kE	80249	Negative	27	2238	2022-01-28T04:20:41.298528Z	2022-01-28T04:20:41.298544Z	7.111
@Bossbm17 @MatthewShanmu10 @Barisansial @Lugzan11 @1rmf5 @MacthDeath @HangBuah3 @M_uhauha_no @izhar1902 @PudinDon @Shawn35154099 @Zamyusof2 @duniasuri @bossku_team @TeohPaikLeong @RameshRaoAKS @kontarOP @iamjefrizain @piesmile2007 @DmitriAlexande1 @BadBoy2662 @pussycat____ @hafizuddinsw @MalaysianCitiz3 @amran1817 @UzairAl22688085 @NikYahya2 @GlobalKid6 @AjaxbroBro @blackmerz101 @MrAntiFitnah @BujalismReality @evildimsum @khaipek @razmanrahim @MatthewShanmug9 @terrencedass @sirsazly @af_f4hmi @Bro2Face @mahazalimreturn @MatthewShanmug8 @61_garuda @wallaun_cyber @abdulhadiawang @PASPusat @mijjemije @encikdoomex @AzminAli @aleem_says Hari ni 200 kematian. Membuktikan PKR dan DAP sudah berjaya menghadiahkan KEMATIAN kepada rakyat negeri Selangor. Kita minta PKR bubarkan kerajaan negeri atau rakyat sendiri yg akan bubarkan PKR selama-lamanya	80248	Negative	27	2237	2022-01-28T04:20:33.786623Z	2022-01-28T04:20:33.786639Z	16.008
@shafidashaari @InfoRakyatKini Mana ada pemimpin Umno yg clean...Hishamuddin ngan Nazri ni lg banyak berak bkn taka https://t.co/Lpk7iC3pyz	80247	Negative	27	2236	2022-01-28T04:20:17.376416Z	2022-01-28T04:20:17.376432Z	2.418
Cukuplah kerajaan yang bingai. Rakyat nak ikut bingai skali dah kenapa?	80246	Negative	27	2235	2022-01-28T04:20:14.577372Z	2022-01-28T04:20:14.577389Z	1.21
Hati2, jaga diri masing2 dan keluarga... jangan lihat SOP dan PKP hanya sebagai peraturan kerajaan, tapi ia dirangka untuk menjaga keselamatan diri kita, mematuhinya bukan sahaja menjaga keselamatan kita, tapi keluarga kita #KitaJagaKita #MenangBersama #LindungDiriLindungSemua	80245	Negative	27	2234	2022-01-28T04:20:12.986116Z	2022-01-28T04:20:12.986131Z	1.638
Baca berita pasal palestin dah lukuh hati + geram, baca pulak politik malaysia waktu gawat macam ni campur baur dah https://t.co/4UN1wyZIHr	80244	Negative	27	2233	2022-01-28T04:20:10.954697Z	2022-01-28T04:20:10.954723Z	1.9
Ketua Pemuda Pertubuhan Kinabalu Progresif Bersatu (UPKO) @FelixJSaang meminta semua penduduk khususnya di kawasan https://t.co/plirkf5ULd	80243	Positive	27	2232	2022-01-28T04:20:08.649382Z	2022-01-28T04:20:08.649396Z	2.632
Taman Bersatu, Jitra #Kedah makan tengahari - gulai daging utara - ketupat palas tidak perlu tunggu musim perayaan bila-bila masa pun boleh yang ini sempena cuti esok - Hari Keputeraan KDYMM Sultan Kedah ke 79 https://t.co/v1O1EZPq8q	80242	Positive	27	2231	2022-01-28T04:20:05.624213Z	2022-01-28T04:20:05.624228Z	5.188
So Kerajaan masih nak deny Kerajaan Gagal? Mirror yourself lah!	80241	Negative	27	2230	2022-01-28T04:20:00.007093Z	2022-01-28T04:20:00.007106Z	1.148
Nak muntah la tengok berita pasal politik. Balik balik hang lantik aku aku lantik hang. Dan aku still takboleh beli https://t.co/8xTdgOmJOC	80240	Negative	27	2229	2022-01-28T04:19:58.489579Z	2022-01-28T04:19:58.489592Z	1.054
Pembiayaan Peribadi-i Raya Paling Masyuuuuk... Kakitangan Kerajaan &amp; Badan Berkanun *Tertakluk Terma dan Syarat2 https://t.co/AzKwoQY2oR	80239	Positive	27	2228	2022-01-28T04:19:57.034672Z	2022-01-28T04:19:57.034684Z	21.282
@AhmadAs40444170 @MusytaqAshari Nak terajui kerajaan tapi kemajuan di Kelantan, Terengganu tu setakat mana, ya?	80238	Negative	27	2227	2022-01-28T04:19:35.340147Z	2022-01-28T04:19:35.340162Z	2.542
Selamat Datang ke akaun Instagram rasmi Badan Perhubungan UMNO Negeri Pulau Pinang. Layari https://t.co/WSawXts4xM https://t.co/fx5o8FwELG	80237	Neutral	27	2226	2022-01-28T04:19:32.395083Z	2022-01-28T04:19:32.395100Z	2.917
@ronnieliutk or I call you Ronnie tiu pahang punya dap pun tak kecoh semalam pasal kes ladang durian you dari selan https://t.co/t7FFgkm4bi	80236	Negative	27	2225	2022-01-28T04:19:29.074626Z	2022-01-28T04:19:29.074640Z	2.164
@lulursln lepastu ada ahli politik buat kempen bendera putih yg rakyat initiate ni as their political rival. cemsia https://t.co/K5vddBDHqY	80234	Negative	27	2223	2022-01-28T04:19:20.567475Z	2022-01-28T04:19:20.567491Z	8.377
@AkuSabah @MasidiM @SabahInfo @KKCity @501Awani @SabahOnBorneo @sabahmajujaya @MusaHjAman @likas_official @RANAUinfo @tawautown @PenampangAits @keningau_twt @KUDATtwt @kotabeludtwt @BahSabahBah @SabahKini @BuliBahKalauKau @LabuanFT @SaveTjAruBeach @kktwestival @KkFood @kkhotels @BeaufortTown @LABUANmy @KinabaluCity @penampangtown @SANDAKANtwt @SandakanOnline @SDKNCity @LabungMadri @SayangiSabah @mohdshafieapdal @KPDNKK @relakeningau @Keningaufm @Keningau_AADK @cliew30 @junzwong @Swakheadhunter @Papartown @DARDOfficial @mysabahfm @3Sabahfm @P189Semporna @TuaranTown_ @MasidiM @Khairykj @IsmailSabri60 @MuhyiddinYassin Sabah tercorot mcm mau msk Ph 2 https://t.co/MVkoy1hkCb	80233	Negative	27	2222	2022-01-28T04:19:11.798589Z	2022-01-28T04:19:11.798605Z	3.961
Lah kau lagi. Baik kau focus bantu rakyat. Layan politik kau apa pun tak dapat.	80232	Negative	27	2221	2022-01-28T04:19:07.455769Z	2022-01-28T04:19:07.455784Z	2.252
Wayang. Tarik jelah sokongan dgn kerajaan PN. Ni duk buat mcm nk jadi hero tp duk mengempeng lg dgn PN	80231	Negative	27	2220	2022-01-28T04:19:04.802069Z	2022-01-28T04:19:04.802086Z	1.353
1 year and 3 months, kerajaan baru menilai, NILAI dah masuk Selangor dh. But apa-apapun hope for the best! All the https://t.co/g9vEK474gT	80230	Positive	27	2219	2022-01-28T04:19:03.046871Z	2022-01-28T04:19:03.046895Z	4.168
@apanakdikato Keputusan Mahkamah itu bukan kerja kerajaan. Melainkan kamu ada bukti ada campur tangan dari putrajay https://t.co/Sbct4SGNHE	80229	Negative	27	2218	2022-01-28T04:18:58.499405Z	2022-01-28T04:18:58.499418Z	1.766
Kerajaan sasar warga emas di Lembah Klang selesai divaksin beberapa minggu lagi - PM @MuhyiddinYassin https://t.co/IEtJz0LAjP #vaksin #vaksinCOVID19 #LindungDiriLindungSemua #MenangBersama https://t.co/EJrviSFNyb	80228	Positive	27	2217	2022-01-28T04:18:56.363361Z	2022-01-28T04:18:56.363376Z	3.589
@xx_habibae Tengah kaji kerajaan mana naik kalau covid19 dah tak, tengah kaji macam mana nak pertahanankan putrajay https://t.co/LJ0g0QC9Ul	80227	Negative	27	2216	2022-01-28T04:18:52.387863Z	2022-01-28T04:18:52.387881Z	3.165
dengan kerajaan kena kencing, dengan company pun kena kencing zzz	80226	Negative	27	2215	2022-01-28T04:18:48.837171Z	2022-01-28T04:18:48.837185Z	2.11
KM, DAP dan PN Pongpang KM buat hal lagi. Pongpang DAP sibuk bekap peneroka musang king hutan Raub ... Pongpang https://t.co/2hcah76XwE	80225	Negative	27	2214	2022-01-28T04:18:46.363442Z	2022-01-28T04:18:46.363457Z	8.546
Habih semua DAP ja salah @akukeadilan_ @anwaribrahim	80224	Negative	27	2213	2022-01-28T04:18:37.435418Z	2022-01-28T04:18:37.435432Z	1.296
Tapi...tapi...masa jumpa wakil YP dulu diorang kata kalau tak membalak, tak melombong macam mana kerajaan negeri nak ada duit untuk majukan negeri... Ni negeri tak maju-maju duitnya kemana wahai bapak menteriiiii	80223	Negative	27	2212	2022-01-28T04:18:35.746405Z	2022-01-28T04:18:35.746420Z	2.541
Klu lepas 14 hari x bukak, umno nk buat apa?bukak seluar bogel ramai2 depan parlimen ke?	80222	Negative	27	2211	2022-01-28T04:18:32.803932Z	2022-01-28T04:18:32.803947Z	8.386
@501Awani Tidak tahan lama. Kita akan tahu bila Azmin balik dari luar Negeri. Kalau bukan Kepintaran Azmin, mana PN dapat jadi kerajaan.	80221	Negative	27	2210	2022-01-28T04:18:24.024749Z	2022-01-28T04:18:24.024761Z	4.221
1 jadi wakil kilang. 1 jadi wakil Along. 1 jadi wakil bank. 1 kata dia x kisah dipanggil bodoh. 1 kata kerajaan x g https://t.co/akkQu6AIXW	80220	Negative	27	2209	2022-01-28T04:18:19.416241Z	2022-01-28T04:18:19.416255Z	2.011
SERUAN KEPADA BANGSA JOHOR !! Mari Bersama Kami Mengubah Senario Politik Malaysia Hari Ini Sertai Muda Johor Sekarang ! https://t.co/CWq1EOBXwJ #MUDAsudahMULA #MUDAJOHOR https://t.co/wPKZraFnCv	80219	Negative	27	2208	2022-01-28T04:18:17.000362Z	2022-01-28T04:18:17.000386Z	1.963
TV3 guna video 2007 lapor bantuan banjir BN di Sabah	80218	Negative	27	2207	2022-01-28T04:18:14.659637Z	2022-01-28T04:18:14.659651Z	8.207
@kompascom Lemahnya negara ini dari ancama luar ya ginilah hasilnya..politik luar negri kita diatur sama negara lain.	80217	Negative	27	2206	2022-01-28T04:18:05.714948Z	2022-01-28T04:18:05.714961Z	4.208
Nak jadi ketua. Wartawan takut. Pilihanraya takut. Bersidang takut. Hadap pembangkang takut. Mcm ni gaya hang nk j https://t.co/jXw24GyYYI	80216	Negative	27	2205	2022-01-28T04:18:01.089797Z	2022-01-28T04:18:01.089813Z	1.191
@fckingrimmmrep Tahu apa yang lagi sucks, belajar lama lama kat perlis tak pergi lagi sampai skrang. Pukimak punya kerajaan.	80215	Negative	27	2204	2022-01-28T04:17:59.502285Z	2022-01-28T04:17:59.502301Z	7.3
@NHakimiMN Dap tk lompat parti. Br kuar gua ke. Yg penembak babi dr melaka tu parti apa. Perogol diperak parti apa.	80214	Negative	27	2203	2022-01-28T04:17:51.806035Z	2022-01-28T04:17:51.806049Z	4.162
Biar biar semua orang kat selangor ni mampus itu yang kerajaan nak kan?	80213	Negative	27	2202	2022-01-28T04:17:47.257257Z	2022-01-28T04:17:47.257270Z	1.963
Soekarno berkuasa puluhan tahun. Soeharto berulang jadi Presiden. Tapi mereka bisa begitu karena sistem politik otoriter, ditopang konstitusi darurat tanpa batasan masa jabatan Presiden. Konstitusi kita bilang kini cuma boleh 2 periode. Jadi ini jelas gerakan melawan konstitusi. https://t.co/cTu5LFPSWV	80212	Positive	27	2201	2022-01-28T04:17:44.913730Z	2022-01-28T04:17:44.913745Z	5.938
@ejatghani Hm sukar nak jawab tu, tapi melihatkan keberkesanan kerajaan yang sekarang ni cam tak heran la	80211	Negative	27	2200	2022-01-28T04:17:38.589569Z	2022-01-28T04:17:38.589580Z	3.395
Rampasan dibuat selepas bot ronda yang melaksanakan Op Jaksa di perairan Tanjung Pelepas mengesan bot kayu berkenaan #AWANInews #AWANI745 https://t.co/0dm3Bn7Fgi	80210	Negative	27	2199	2022-01-28T04:17:34.790693Z	2022-01-28T04:17:34.790705Z	1.503
WKWKWKWKWKWK itu kepegang ya kan https://t.co/JqUesAO9BN	80209	Positive	27	2198	2022-01-28T04:17:32.885586Z	2022-01-28T04:17:32.885601Z	5.905
Orang lain pun takdelah nak back up sangat si Ronnue Liu ni. Orang-orang DAP pun ramai yang tak back up. Tapi over lah kau mat sampai nak samakan DAP dengan Israel. Haus isu perkauman ke bang?	80208	Negative	27	2197	2022-01-28T04:17:26.589474Z	2022-01-28T04:17:26.589490Z	2.132
"Mereka yang ""selalu"" memprovokasi masyarakat untuk melawan pemerintah itu lebih membutuhkan batu nisan kalian, bukan hidup kalian. . Karena mereka mempunyai kepentingan politik untuk menjatuhkan pemerintahan Jokowi melalui pandemi Covid-19 ini agar tidak cepat selesai. https://t.co/x2BW8JOBja"	80207	Negative	27	2196	2022-01-28T04:17:24.033729Z	2022-01-28T04:17:24.033749Z	8.201
Sakit hati baca politik hari ni, cuba tenangkan fikiran tengok Youth Over Flower. Lagi sakit hati. Aku nak pergi Iceland!!!!	80206	Negative	27	2195	2022-01-28T04:17:15.428258Z	2022-01-28T04:17:15.428272Z	4.136
sembako di pasar tradisional tidak di kenakan ppn, tenang aja Bersatu Lawan Covid19 https://t.co/4G3FLxafzP	80205	Negative	27	2194	2022-01-28T04:17:10.892001Z	2022-01-28T04:17:10.892016Z	1.789
@jim_ha_kho @AmirudinShari @apanakdikato Haha tulah. Balik2 salah federal. Bukan nak backup federal, tpi kerajaan n https://t.co/IFkIZw6mWM	80204	Negative	27	2193	2022-01-28T04:17:08.689888Z	2022-01-28T04:17:08.689902Z	6.454
Aslmualaikum, tolong rt untuk rezeki saya supaya dapat clearkan stok? Stok yang ada : 3 cadbury 3 kitkat 4 milo https://t.co/bn6d6HxE00	80203	Neutral	27	2192	2022-01-28T04:17:01.847430Z	2022-01-28T04:17:01.847445Z	6.856
butoh pak hang mmg kerajaan tak competent kepala otak ko cemburu. Bodoh takde akal otak dekat lutut	80202	Negative	27	2191	2022-01-28T04:16:54.627075Z	2022-01-28T04:16:54.627088Z	0.934
Macamana kes covid-19 nak turun kalau majlis tempatan, kerajaan negeri dan ahli parlimen PH tidak mahu berkerjasama https://t.co/FcKv7hwKUa	80201	Negative	27	2190	2022-01-28T04:16:53.286064Z	2022-01-28T04:16:53.286079Z	2.359
Rakyat yang kena bayar hihi memang zaman ni lagi elok dark kerajaan lepas lepas	80200	Negative	27	2189	2022-01-28T04:16:50.525831Z	2022-01-28T04:16:50.525847Z	3.762
@pussycat____ @MacthDeath @HangBuah3 @izhar1902 @AjaxbroBro @amran1817 @piesmile2007 @NikYahya2 @_royalfinest @kontarOP @MatthewShanmu10 @Bossbm17 @UzairAl22688085 @MrAntiFitnah @M_uhauha_no @1rmf5 @iamjefrizain @Shawn35154099 @TeohPaikLeong @Lugzan11 @DmitriAlexande1 @PudinDon @BujalismReality @BadBoy2662 @evildimsum @khaipek @razmanrahim @MatthewShanmug9 @terrencedass @sirsazly @af_f4hmi @Bro2Face @mahazalimreturn @MatthewShanmug8 @GlobalKid6 @61_garuda @RameshRaoAKS @wallaun_cyber @KochenkoSlovak @Danialskops @epieys @azrulzaidi6 @rsharimah @Badacs1 @blackmerz101 @dapmalaysia @NajibRazak @MuhyiddinYassin @RajaPetra @pussycat Selangor dibawah pemerintahan PH. Kes Covid-19 paling bnyk adalah negeri itu. Siapa Pengerusi Taskforce Covid-19 depa? Bekas Menteri kesihatan PH. Nmpk sgt org2 PH &amp; PN tak reti bt kerja!!	80199	Negative	27	2188	2022-01-28T04:16:46.371346Z	2022-01-28T04:16:46.371361Z	1.599
@afqrsly Kau search pkpd. Katanya satu selangor hahaha kiwak kerajaan babi	80198	Negative	27	2187	2022-01-28T04:16:44.379926Z	2022-01-28T04:16:44.379948Z	2.945
@MasidiM Moga kerajaan sabah, tidak ikut pkp macam kerajaan pusat. Makin lama pkp, makin ramai hilang pekerjaan. Ti https://t.co/nSIABkkEDS	80197	Negative	27	2186	2022-01-28T04:16:40.986615Z	2022-01-28T04:16:40.986630Z	1.648
Masing-masung berebut nak jadi kerajaan. Sial	80196	Negative	27	2185	2022-01-28T04:16:38.950662Z	2022-01-28T04:16:38.950674Z	1.035
Selangor mantap! Petisyen bawa Selangor keluar dari Malaysia kerajaan muhyidin bebal next pls	80195	Negative	27	2184	2022-01-28T04:16:37.543947Z	2022-01-28T04:16:37.543960Z	8.384
Dua Hari Nyaris Hatrick, Murai Batu Ceriwis Siap Meraikan Even Bekasi Bersatu! https://t.co/2jFS9Myheg	80194	Positive	27	2183	2022-01-28T04:16:28.770971Z	2022-01-28T04:16:28.770987Z	1.962
Dah mula dah... Masuk keluar mahkamah bgi ahli2 politik yg tak sebulu dgn kerajaan... tu biasa... cuba tnya DSAi...	80193	Negative	27	2182	2022-01-28T04:16:26.436623Z	2022-01-28T04:16:26.436637Z	1.005
Bodoh dgn kerajaan asyik sambung pkp pkp jelah sampai kiamat mental gak camni	80192	Negative	27	2181	2022-01-28T04:16:25.066099Z	2022-01-28T04:16:25.066112Z	1.093
Penat lah tengok rakyat malaysia yg toxic nih. Aku nih takdelah sokong kerajaan pun ade je tak suke tapi takde lah https://t.co/PjjRFiF34b	80191	Negative	27	2180	2022-01-28T04:16:23.588631Z	2022-01-28T04:16:23.588645Z	0.957
@magmalaya Maybe azmin rase selangor n kl dh keluar malaysia.kalo gini,do we get all those ahli politik..tak kan..	80190	Negative	27	2179	2022-01-28T04:16:22.235413Z	2022-01-28T04:16:22.235432Z	1.207
Kerajaan kita bukan serba boleh, tapi serba bodoh bahalol.	80189	Negative	27	2178	2022-01-28T04:16:20.626712Z	2022-01-28T04:16:20.626726Z	1.683
Sudah sudah la kak mas woi. Kamu tahu tak semua ahli umno bahagian kuale tak sokong kamu masa pru14. Kami bukan banggang mcm kamu. https://t.co/uTrGsm62gh	80188	Negative	27	2177	2022-01-28T04:16:18.556006Z	2022-01-28T04:16:18.556020Z	1.015
Nape nak kena tampal gambar Dia pulak...Guna duit sendiri ke atau Guna duit kerajaan ...	80187	Negative	27	2176	2022-01-28T04:16:17.145907Z	2022-01-28T04:16:17.145921Z	2.036
Bendera putih tu bukannya nak harap bantuan kerajaan pon pada asalnya, hanya untuk rakyat jaga sesama rakyat. Ahli https://t.co/P8lqGaRpMj	80186	Negative	27	2175	2022-01-28T04:16:14.729682Z	2022-01-28T04:16:14.729696Z	2.969
Menggelabah masing-masing nak beraya kan. Lepastu heboh kerajaan gagal. Idiot	80185	Negative	27	2174	2022-01-28T04:16:11.343549Z	2022-01-28T04:16:11.343588Z	34.702
