scraped_links,dialect
https://youtu.be/2euzyptSo5c,penang
https://youtu.be/4szHdf4_EZw,penang
https://youtu.be/N_dZ2e4qPoQ,penang
https://youtu.be/LFbHiYSJT1M,penang
https://youtu.be/i-25lqPvgBk,penang
https://youtu.be/DSlNrMgeoDE,penang
https://youtu.be/kP_-Fa4nIWw,penang
https://youtu.be/mEqnZNTwggM,penang
https://youtu.be/48Jz-_jKVV4,penang
https://youtu.be/3aF3IPVwc6A,penang
https://youtu.be/OBY0W4UfE5s,penang
https://youtu.be/6IYAWp00z5Q,penang
https://youtu.be/BVnQYXEP-tQ,penang
https://youtu.be/zFgrq6Buj1E,penang
https://youtu.be/FxkW7U38pNk,penang
https://youtu.be/gx_a7E9c3Uw,penang
https://youtu.be/aadhFHr3nOM,penang
https://youtu.be/_K8Wbd2IHxY,penang
https://youtu.be/X_MBJNuX5A8,penang
https://youtu.be/ROTLYmdNy08,penang
https://youtu.be/UbYAkBbsciA,kelantan
https://youtu.be/vx9fckCS17Q,kelantan
https://youtu.be/U1aMx_axWvU,kelantan
