link,pdf_links
https://www.bnm.gov.my/-/concept-paper-3-mudarabah-bm,[]
https://www.bnm.gov.my/-/concept-paper-takaful-operational-framework,[]
https://www.bnm.gov.my/-/akta-bank-negara-malaysia-2009,['documents/20124/761712/cba2009_02.pdf']
https://www.bnm.gov.my/-/financial-adviser-list-16112009-bm,[]
https://www.bnm.gov.my/-/sertai-kajian-tahap-kepuasan-pengguna-laman-web-bnm-hari-ini-klik-untuk-maklumat-lanjut.,[]
https://www.bnm.gov.my/-/%3Ca-href-http-//beyondtheglobalcrisis.eu/conference.aspx-%3Easem-conference-beyond-the-global-crisis-a-new-asian-growth-model-%3C/a%3E,"['documents/20124/761691/faq_initiative_onshore_financial_market_v6.pdf', 'documents/20124/39730/Guidelines-on-Currency-Quality-and-Handling-Suspected-Counterfeits-Dec2022.pdf']"
https://www.bnm.gov.my/-/jadual-perbandingan-bagi-pembiayaan-mikro-telah-dikemaskini.,['documents/20124/761712/FAQ_on_Pembiayaan_Mikro_BM.pdf']
https://www.bnm.gov.my/-/asem-conference-beyond-the-global-crisis-a-new-asian-growth-model.-18-20-october-2009-kuala-lumpur.-click-for-more-information-and-registration,[]
https://www.bnm.gov.my/-/bnm-seacen-banking-and-financial-law-school-2009-24-25-september-2009.-please-click-on-the-link-for-details-and-registration.,[]
https://www.bnm.gov.my/-/call-for-feedback-concept-paper-on-shariah-parameter-reference-2-ijarah-contract-spr2-,[]
https://www.bnm.gov.my/-/%3Ca-href-/documents/20124/761712/ito_slides.pdf-target-blank-rel-noopener-%3E-tun-ismail-ali-chair-public-lecture-on-10-july-2009-by-prof.-dr.-takatoshi-ito-of-tokyo-university-presentation-slides-pdf-277kb-%3C/a%3E,['documents/20124/761712/ito_slides.pdf']
https://www.bnm.gov.my/-/%3Ca-href-/documents/20124/761712/smeag_leaflet_en.pdf-rel-noopener-target-blank-%3Eskim-bantuan-jaminan-pks-soalan-lazim-risalah%3C/a%3E,['documents/20124/761712/smeag_leaflet_en.pdf']
https://www.bnm.gov.my/-/pembiayaan-mikro-jadual-perbandingan-soalan-lazim,"['documents/20124/761712/Comparative_table_on_Pembiayaan_Mikro_BM.pdf', 'documents/20124/761712/FAQ_on_Pembiayaan_Mikro_BM.pdf']"
https://www.bnm.gov.my/-/%3Ca-href-/financial-consumer-alert-%3Esila-lihat-peringatan-untuk-konsumer-kewangan%3C/a%3E-1,"['documents/20124/761691/faq_initiative_onshore_financial_market_v6.pdf', 'documents/20124/39730/Guidelines-on-Currency-Quality-and-Handling-Suspected-Counterfeits-Dec2022.pdf']"
https://www.bnm.gov.my/-/new-guideline-concept-paper-on-shariah-parameter-reference-5-istisna-contract.,[]
https://www.bnm.gov.my/-/guidelines-circulars-schedule-of-shariah-advisory-council-meetings-for-2011,[]
https://www.bnm.gov.my/-/pemberitahuan-syarikat-syarikat-yang-tidak-lagi-dibenarkan-mengendalikan-kiriman-wang-1,[]
https://www.bnm.gov.my/-/newly-updated-guidelines-on-corporate-governance-for-licensed-institutions-and-minimum-standards-for-prudential-management-of-insurers-consolidated-,[]
https://www.bnm.gov.my/-/financial-sector-talent-enrichment-programme-fstep-2011-intake,[]
https://www.bnm.gov.my/-/newly-updated-guidelines-on-capital-adequacy-framework-for-islamic-banks-cafib-and-classification-and-impairment-provision-for-loans/financing,[]
https://www.bnm.gov.my/-/new-guidelines-risk-weighted-capital-adequacy-framework-basel-ii-and-capital-adequacy-framework-for-islamic-banks-cafib-,[]
https://www.bnm.gov.my/-/pemberitahuan-syarikat-syarikat-yang-tidak-lagi-dibenarkan-mengendalikan-kiriman-wang,[]
https://www.bnm.gov.my/-/terbitan-terbaharu-buku-resolusi-syariah-dalam-kewangan-islam-edisi-kedua-,['documents/20124/761709/shariah_resolutions_2nd_edition.pdf']
https://www.bnm.gov.my/notices-announcements/-/asset_publisher/XRQ5HftX94WW/content/governor-s-presentation-slides-at-the-regulators-forum-special-session-on-islamic-finance-and-financial-stability-report-enhancing-the-resilience-and-stability-of-the-islamic-financial-system-?_com_liferay_asset_publisher_web_portlet_AssetPublisherPortlet_INSTANCE_XRQ5HftX94WW_assetEntryId=1084358&amp;_com_liferay_asset_publisher_web_portlet_AssetPublisherPortlet_INSTANCE_XRQ5HftX94WW_redirect=https%3A%2F%2Fwww.bnm.gov.my%2Fnotices-announcements%3Fp_p_id%3Dcom_liferay_asset_publisher_web_portlet_AssetPublisherPortlet_INSTANCE_XRQ5HftX94WW%26p_p_lifecycle%3D0%26p_p_state%3Dnormal%26p_p_mode%3Dview%26_com_liferay_asset_publisher_web_portlet_AssetPublisherPortlet_INSTANCE_XRQ5HftX94WW_cur%3D0%26p_r_p_resetCur%3Dtrue%26_com_liferay_asset_publisher_web_portlet_AssetPublisherPortlet_INSTANCE_XRQ5HftX94WW_assetEntryId%3D1084358,[]
https://www.bnm.gov.my/-/baharu-dikemaskini-garis-panduan-mengenai-shariah-governance-framework-for-islamic-financial-institutions-dalam-bahasa-inggeris-,['documents/20124/761709/02_Shariah_Governance_Framework_20101026.pdf']
https://www.bnm.gov.my/-/ringgit-newsletter-september-issue-is-now-available-for-download.,[]
https://www.bnm.gov.my/-/ucapan-bajet-2011,"['documents/20124/761709/budget2011_bm.pdf', 'documents/20124/761709/budget2011_bm_attach.pdf']"
https://www.bnm.gov.my/-/baru-dikemaskini-individu-dikehendaki-oleh-bank-negara-malaysia-berhubung-kes-pengambilan-deposit-tanpa-lesen,[]
https://www.bnm.gov.my/-/terbitan-terbaharu-circular-on-issuance-of-special-employment-pass-for-islamic-finance-expatriates-under-the-malaysia-international-islamic-financial-centre-mifc-initiative-,[]
https://www.bnm.gov.my/-/garis-panduan-mengenai-introduction-of-new-products-for-insurance-companies-and-takaful-operators-kini-boleh-dimuat-turun,['documents/20124/761709/18_guidelines_newproducts.pdf']
https://www.bnm.gov.my/-/jadual-perbandingan-untuk-pembiayaan-mikro-baru-dikemaskini-1,['documents/20124/761709/Comparative_table_Aug10_BM.pdf']
https://www.bnm.gov.my/-/individuals-wanted-by-bnm-suspected-for-committing-illegal-deposit-taking,[]
https://www.bnm.gov.my/-/garis-panduan-mengenai-guidelines-on-financial-reporting-for-insurers-kini-boleh-dimuat-turun,[]
https://www.bnm.gov.my/-/lebih-1-juta-orang-melawat-laman-sesawang-bank-negara-malaysia,[]
https://www.bnm.gov.my/-/garis-panduan-mengenai-capital-adequacy-framework-for-islamic-banks-cafib-disclosure-requirements-pillar-3-kini-boleh-dimuat-turun,['documents/20124/761709/20100101_B_CA_0008.pdf']
https://www.bnm.gov.my/-/jualan-duit-syiling-peringatan,[]
https://www.bnm.gov.my/-/pan-asian-csd-alliance-on-improvement-to-post-trade-processing-infrastructure,[]
https://www.bnm.gov.my/-/garis-panduan-surat-pekeliling-bnm-shariah-governance-framework-for-islamic-financial-institutions-1,['documents/20124/761709/20110101_S_G_0001.pdf']
https://www.bnm.gov.my/-/maklum-balas-dialu-alukan-cadangan-rangka-kerja-perlindungan-motor-asas-kemaskini-hasil-perbincangan-dan-maklum-balas-orang-ramai-,['documents/20124/761709/slaid_TPBID.pdf']
https://www.bnm.gov.my/-/the-2009-annual-insurance-statistics-is-now-available.,[]
https://www.bnm.gov.my/-/press-release-issued-by-securities-commission-swisscash-court-approves-criteria-for-restitution,[]
https://www.bnm.gov.my/-/slides-are-now-available-for-download-briefing-sessions-on-annual-report-2009-and-financial-stability-payment-systems-report-2009,[]
https://www.bnm.gov.my/-/bank-negara-malaysia-scholarship-award-2010-/-2011-application-closed-,[]
https://www.bnm.gov.my/-/faqs-related-to-buying-or-selling-of-foreign-currency-and-faqs-related-to-money-changing-services.,[]
https://www.bnm.gov.my/-/baharu-diterbitkan-notis-berkenaan-pelaksanaan-basel-iii-implementation-of-basel-iii-1,['documents/20124/761706/12_nt_007_25.pdf']
https://www.bnm.gov.my/-/new-act-money-services-business-act-2011-act731-,[]
https://www.bnm.gov.my/-/key-events-at-sasana-kijang-and-lanai-kijang-november-december-2011-,[]
https://www.bnm.gov.my/-/bnm-website-scheduled-maintenance-on-friday-21st-october-2011-11.00-pm-1.00-am-,[]
https://www.bnm.gov.my/-/muat-turun-teks-ucapan-bajet-2012-oleh-perdana-menteri-malaysia-sekarang-1,"['documents/20124/761706/lampiran_budget2012_bm.pdf', 'documents/20124/761706/budget2012_bm.pdf']"
https://www.bnm.gov.my/-/resolusi-syariah-dalam-kewangan-islam-edisi-kedua-kini-diterbitkan-dalam-bahasa-inggeris-1,['documents/20124/9198675/shariah_resolutions_2nd_edition_EN.pdf']
https://www.bnm.gov.my/-/ketahui-lebih-lanjut-mengenai-sasana-kijang-melalui-risalah,['documents/20124/761706/Sasana_Kijang_Brochure.pdf']
https://www.bnm.gov.my/-/bnm-website-scheduled-maintenance-on-thursday-15th-september-2011-11.00-pm-1.00-am-,[]
https://www.bnm.gov.my/-/updates-guidelines-circulars-listing-on-bank-negara-malaysia-s-website-8,[]
https://www.bnm.gov.my/-/ringgit-newsletter-june-issue-is-now-available-for-download.,[]
https://www.bnm.gov.my/-/updates-guidelines-circulars-listing-on-bank-negara-malaysia-s-website,[]
https://www.bnm.gov.my/-/beware-of-scams-requesting-for-banking-information,[]
https://www.bnm.gov.my/-/beware-of-email-scam-requesting-for-banking-information-1,[]
https://www.bnm.gov.my/-/frequently-asked-questions-faqs-on-payment-for-trade-in-renminbi,[]
https://www.bnm.gov.my/-/updates-guidelines-circulars-listing-on-bank-negara-malaysia-s-website-9,[]
https://www.bnm.gov.my/-/buletin-ringgit-keluaran-april-pendidikan-kewangan-dan-pengguna-kini-boleh-dimuat-turun.,['documents/20124/761706/4_Ringgit_Newsletter.pdf']
https://www.bnm.gov.my/-/the-2010-annual-takaful-statistics-is-now-available.,[]
https://www.bnm.gov.my/-/penyenggaraan-berjadual-laman-sesawang-bnm-akan-bermula-pada-hari-jumaat-13-mei-pukul-11-malam-hingga-isnin-16-mei-2011-pukul-1-pagi-,[]
https://www.bnm.gov.my/-/buletin-ringgit-keluaran-mac-persediaan-pekerja-muda-menghadapi-persaraan-kini-boleh-dimuat-turun.,['documents/20124/761706/3_Ringgit_Newsletter.pdf']
https://www.bnm.gov.my/-/updates-guidelines-circulars-listing-on-bank-negara-malaysia-s-website-10,[]
https://www.bnm.gov.my/-/newly-updated-guidelines-circulars-listing-on-bank-negara-malaysia-s-website-1,[]
https://www.bnm.gov.my/-/baharu-dikemaskini-garis-panduan-mengenai-statutory-reserve-requirement-dalam-bahasa-inggeris-,['documents/20124/761706/pd_SRR_20191113.pdf']
https://www.bnm.gov.my/-/amaran-penipuan-kewangan-status-kes-yang-disiasat-oleh-bank-negara-malaysia,[]
https://www.bnm.gov.my/-/pemberitahuan-syarikat-yang-tidak-lagi-dibenarkan-mengendalikan-kiriman-wang-1,[]
https://www.bnm.gov.my/-/buletin-ringgit-keluaran-februari-pelan-tabungan-sebagai-komitmen-kewangan-kini-boleh-dimuat-turun.,['documents/20124/761706/2_Ringgit_Newsletter.pdf']
https://www.bnm.gov.my/-/the-2010-annual-insurance-statistics-is-now-available.,[]
https://www.bnm.gov.my/-/slaid-boleh-dimuat-turun-sesi-taklimat-laporan-tahunan-bank-negara-malaysia-2010-dan-laporan-kestabilan-kewangan-dan-sistem-pembayaran-2010,"['documents/20124/761706/02_20110323_analyst_DGMI.pdf', 'documents/2011/slides/03_20110323_analyst_DGMRAK.pdf', 'documents/20124/761706/01_20110323_press.pdf']"
https://www.bnm.gov.my/-/guidelines-circulars-listing-on-bank-negara-malaysia-s-website-new-updated-,[]
https://www.bnm.gov.my/-/bank-negara-malaysia-scholarship-award-2011/2012-nurturing-malaysian-talents,[]
https://www.bnm.gov.my/-/newly-updated-guidelines-circulars-listing-on-bank-negara-malaysia-s-website-2,[]
https://www.bnm.gov.my/-/penyenggaraan-berjadual-laman-sesawang-bnm-bermula-10-malam-jumaat-21-januari-hingga-7-pagi-sabtu-22-januari-2011,[]
https://www.bnm.gov.my/-/newly-updated-guidelines-circulars-listing-on-bank-negara-malaysia-s-website-3,[]
https://www.bnm.gov.my/-/pemberitahuan-syarikat-yang-tidak-lagi-dibenarkan-mengendalikan-kiriman-wang,[]
https://www.bnm.gov.my/-/berwaspada-dengan-panggilan-telefon-e-mel-atau-sms-palsu-meminta-maklumat-perbankan-peribadi-1,[]
https://www.bnm.gov.my/-/newly-updated-guidelines-circulars-listing-on-bank-negara-malaysia-s-website,[]
https://www.bnm.gov.my/-/pelaksanaan-rang-undang-undang-pidm-2010-yang-baharu,[]
https://www.bnm.gov.my/-/call-for-papers-bank-negara-malaysia-s-conference-on-monetary-policy-in-the-new-normal-,[]
https://www.bnm.gov.my/-/buletin-ringgit-keluaran-oktober-2012-kini-boleh-dimuat-turun,['documents/20124/761703/Ringgit_10_2012.pdf']
https://www.bnm.gov.my/-/baharu-diterbitkan-garis-panduan-bagi-pengurusan-risiko-dan-kawalan-dalaman-untuk-perniagaan-perkhidmatan-wang-guidelines-on-risk-management-and-internal-controls-for-conduct-of-money-services-business-,['documents/20124/761703/03_Guidelines_on_Risk_Management_and_Internal_Controls_BM.pdf']
https://www.bnm.gov.my/-/jadual-mesyuarat-majlis-penasihat-syariah-bank-negara-malaysia-bagi-tahun-2013,[]
https://www.bnm.gov.my/-/buletin-ringgit-keluaran-september-2012-kini-boleh-dimuat-turun,['documents/20124/761703/20121129_sept_Ringgit.pdf']
https://www.bnm.gov.my/-/newly-published-implementation-of-the-revised-rules-on-the-definition-of-capital-for-banking-institutions,[]
https://www.bnm.gov.my/-/newly-published-guidelines-on-data-management-and-mis-framework-for-development-financial-institutions,[]
https://www.bnm.gov.my/-/call-for-public-feedback-concept-paper-financial-reporting-for-development-financial-institutions,[]
https://www.bnm.gov.my/-/call-for-public-feedback-concept-paper-guidelines-on-risk-governance,[]
https://www.bnm.gov.my/-/national-statistics-conference-2012-mystats-2012-enhancing-national-statistics-to-meet-public-and-private-sectors-needs-during-a-period-of-transformation-7-november-2012-sasana-kijang-kuala-lumpur,[]
https://www.bnm.gov.my/-/newly-published-guidelines-on-governance-and-operational-requirements-on-conduct-of-money-services-business-msb-,[]
https://www.bnm.gov.my/-/buletin-ringgit-keluaran-ogos-kini-boleh-dimuat-turun,['documents/20124/761703/Ringgit+Ed28+Draft4_Aug+2012m.pdf']
https://www.bnm.gov.my/-/pelawaan-mengemukakan-maklum-balas-kertas-konsep-bagi-pengurusan-risiko-dan-kawalan-dalaman-untuk-perniagaan-perkhidmatan-wang,[]
https://www.bnm.gov.my/-/muat-turun-teks-ucapan-bajet-2013-oleh-perdana-menteri-malaysia,['documents/20124/761703/ub13.pdf']
https://www.bnm.gov.my/-/peringatan-kepada-semua-pengguna-senarai-syarikat-dan-laman-sesawang-yang-tidak-diberi-kebenaran-atau-kelulusan-telah-dikemaskini.,[]
https://www.bnm.gov.my/-/buletin-ringgit-keluaran-julai-kini-boleh-dimuat-turun,['documents/20124/761703/7_Ringgit_2012_s.pdf']
https://www.bnm.gov.my/-/bnm-website-scheduled-maintenance-from-12.00-a.m-8-september-2012-until-12.00-a.m-9-september-2012-.,[]
https://www.bnm.gov.my/-/call-for-participation-knowledge-management-km-conference-and-exhibition-strengthening-organisational-performance-through-km-8-9-october-2012-sasana-kijang-,[]
https://www.bnm.gov.my/-/call-for-public-feedback-concept-paper-governance-and-operational-requirements-on-conduct-of-money-services-business,[]
https://www.bnm.gov.my/-/asean-insurance-brokers-are-now-allowed-to-provide-cross-border-services-as-approved-international-marine-aviation-and-transit-mat-insurance-brokers-in-malaysia,[]
https://www.bnm.gov.my/-/newly-published-guidelines-on-representative-offices,[]
https://www.bnm.gov.my/-/newly-published-guidelines-on-agent-banking,[]
https://www.bnm.gov.my/-/buletin-ringgit-keluaran-april-kini-boleh-dimuat-turun,['documents/20124/790377/Ringgit_April_2012.pdf']
https://www.bnm.gov.my/-/financial-consumer-alert-be-alert-of-the-common-features-of-illegal-schemes,[]
https://www.bnm.gov.my/-/sources-and-uses-of-funds-of-the-financial-system-is-now-available-for-download.,[]
https://www.bnm.gov.my/-/pasca-naik-taraf-sistem-portal-bnm-sila-kemas-kini-pautan-penanda-bookmark/favourite-,[]
https://www.bnm.gov.my/-/call-for-public-feedback-concept-paper-risk-weighted-capital-adequacy-framework-and-capital-adequacy-framework-for-islamic-banks-general-requirements-and-capital-components-,[]
https://www.bnm.gov.my/-/penaiktarafan-berjadual-sistem-portal-bnm-bermula-jam-10-malam-jumaat-25-mei-hingga-jam-10-pagi-ahad-27-mei-2012-1,[]
https://www.bnm.gov.my/-/ringgit-newsletter-february-issue-is-now-available-for-download.,[]
https://www.bnm.gov.my/-/kalendar-lawatan-akademik-2012,"['documents/20124/761703/BNM_form_2012.pdf', 'documents/20124/761703/bm_bnm_procedures.pdf', 'documents/20124/761703/bm_bnm_academic_cal.pdf']"
https://www.bnm.gov.my/-/bnm-to-host-the-3rd-global-islamic-finance-forum-giff-from-18th-to-20th-september-2012,[]
https://www.bnm.gov.my/-/briefing-slides-are-now-available-for-download-1,[]
https://www.bnm.gov.my/-/newly-published-guidelines-on-statistical-reporting-for-money-services-business,[]
https://www.bnm.gov.my/-/biasiswa-bank-negara-malaysia-sesi-akademik-2012/2013-pemimpin-masa-depan,[]
https://www.bnm.gov.my/-/program-pendidikan-rangkuman-kewangan-1-6-mac-2012,[]
https://www.bnm.gov.my/-/newly-published-guidelines-on-internal-capital-adequacy-assessment-process-icaap-for-insurers,[]
https://www.bnm.gov.my/-/jadual-mesyuarat-majlis-penasihat-syariah-bank-negara-malaysia-bagi-tahun-2012,[]
https://www.bnm.gov.my/-/perkhidmatan-link-bergerak-bnm-bnm-mobilelink-akan-berada-di-negeri-pahang,[]
https://www.bnm.gov.my/-/the-bank-s-shariah-advisory-council-sac-meeting-schedule-for-2012,[]
https://www.bnm.gov.my/-/ringgit-newsletter-november-issue-is-now-available-for-download.,[]
https://www.bnm.gov.my/-/tt,[]
https://www.bnm.gov.my/-/working-paper-global-monetary-easing-spillovers-and-lines-of-defence,[]
https://www.bnm.gov.my/-/working-paper-the-marginal-propensity-to-consume-across-household-income-groups,[]
https://www.bnm.gov.my/-/buletin-ringgit-keluaran-november-2013-kini-boleh-dimuat-turun,['documents/20124/790075/Ringgit_11.pdf']
https://www.bnm.gov.my/-/exposure-drafts-on-islamic-financial-contracts-shariah-requirements-and-optional-practices-,[]
https://www.bnm.gov.my/-/visit-payment-system-exhibition-at-sasana-kijang-and-sign-up-for-latest-offer-on-e-banking/payment-services,[]
https://www.bnm.gov.my/-/buletin-ringgit-keluaran-oktober-2013-kini-boleh-dimuat-turun-release-date-27-nov-2013,['documents/20124/761700/Ringgit_10.pdf']
https://www.bnm.gov.my/-/joint-public-consultation-paper-trade-repository-reporting-requirement-for-over-the-counter-derivatives,[]
https://www.bnm.gov.my/-/lindungi-diri-anda-daripada-terpedaya-dengan-kegiatan-mencuri-maklumat-kewangan-atau-phishing-scams-.,[]
https://www.bnm.gov.my/-/concept-paper-life-insurance-and-family-takaful-framework-consultation-period-extended-until-9-january-2014-,['documents/20124/761700/Life_Insurance_and_Family_Takaful_Framework_Concept_Paper_v2.pdf']
https://www.bnm.gov.my/-/muat-turun-ucapan-bajet-2014-oleh-perdana-menteri-malaysia,['documents/20124/761700/bs14_bm.pdf']
https://www.bnm.gov.my/-/watch-the-exclusive-video-tun-dr.-mahathir-special-address-innovative-financing-for-global-entrepreneurs-,[]
https://www.bnm.gov.my/-/polisi-baharu-diterbitkan-registration-procedure-to-carry-on-adjusting-business-,"['documents/20124/761700/Appendix+II+-+adjuster-glines-policies.pdf', 'documents/20124/761700/Appendix+III+-+adjuster-registrationform.pdf', 'documents/20124/761700/Appendix+I+-+adjuster-regnreqmt.pdf', 'documents/20124/761700/adjuster-stdregistrationcriteria.pdf']"
https://www.bnm.gov.my/-/buletin-ringgit-keluaran-september-2013-kini-boleh-dimuat-turun,['documents/20124/761700/Ringgit_9.pdf']
https://www.bnm.gov.my/-/national-statistics-conference-2013-mystats-2013-promoting-innovation-in-economic-and-financial-statistics-to-support-policy-making-in-a-dynamic-environment-18-november-2013-sasana-kijang-kuala-lumpur-,[]
https://www.bnm.gov.my/-/ringgit-newsletter-august-2013-issue-is-now-available-for-download.,['documents/20124/761700/Ringgit_8.pdf']
https://www.bnm.gov.my/-/guideline-on-dye-stained-banknotes-1,[]
https://www.bnm.gov.my/-/ringgit-newsletter-july-2013-issue-is-now-available-for-download.,['documents/20124/761700/ringgit_7.pdf']
https://www.bnm.gov.my/-/ringgit-newsletter-june-2013-issue-is-now-available-for-download,['documents/20124/761700/Ringgit_62013.pdf']
https://www.bnm.gov.my/-/ringgit-newsletter-may-2013-issue-is-now-available-for-download,[]
https://www.bnm.gov.my/-/buletin-ringgit-keluaran-april-2013-kini-boleh-dimuat-turun,['documents/20124/761700/4_Ringgit_2013.pdf']
https://www.bnm.gov.my/-/sources-and-uses-of-funds-in-the-financial-system-is-now-available-for-download,[]
https://www.bnm.gov.my/-/concept-paper-3-anti-money-laundering-and-counter-financing-of-terrorism-aml/cft-money-services-business-sector,[]
https://www.bnm.gov.my/-/concept-paper-on-anti-money-laundering-and-counter-financing-of-terrorism-aml/cft-designated-non-financial-businesses-and-professions-dnfbps-other-non-financial-sectors,[]
https://www.bnm.gov.my/-/buletin-ringgit-keluaran-mac-2013-kini-boleh-dimuat-turun,['documents/20124/761700/Ringgit_mar2013.pdf']
https://www.bnm.gov.my/-/newly-published-concept-paper-on-murabahah-operational-requirements-,[]
https://www.bnm.gov.my/-/ringgit-newsletter-february-2013-issue-is-now-available-for-download,[]
https://www.bnm.gov.my/-/newly-published-guidelines-on-agent-oversight-framework-for-the-money-services-business-industry,[]
https://www.bnm.gov.my/-/response-to-feedback-received-single-counterparty-exposure-limit,[]
https://www.bnm.gov.my/-/response-to-feedback-received-concept-paper-on-recordkeeping-and-reporting-requirements-for-over-the-counter-otc-derivatives,[]
https://www.bnm.gov.my/-/briefing-slides-are-now-available-for-download,[]
https://www.bnm.gov.my/-/biasiswa-bank-negara-malaysia-sesi-akademik-2013-/-2014,[]
https://www.bnm.gov.my/-/buletin-ringgit-keluaran-januari-2013-kini-boleh-dimuat-turun,['documents/20124/761700/Ringgit+Ed33+Jan+2013+%28Draft7%29.pdf']
https://www.bnm.gov.my/-/newly-published-policy-on-risk-governance,[]
https://www.bnm.gov.my/-/newly-published-policies-on-single-counterparty-exposure-limit-and-single-counterparty-exposure-limit-for-islamic-banks.,[]
https://www.bnm.gov.my/-/buletin-ringgit-keluaran-disember-2012-kini-boleh-dimuat-turun,['documents/20124/761700/Ringgit+Ed32+Draft3_Dec2012.pdf']
https://www.bnm.gov.my/-/newly-published-guidelines-on-ibra-rebate-for-sale-based-financing,[]
https://www.bnm.gov.my/-/buletin-ringgit-keluaran-november-2012-kini-boleh-dimuat-turun-1,['documents/20124/761700/Ringgit_09_2012_03.pdf']
https://www.bnm.gov.my/-/payment-card-reform-framework,[]
https://www.bnm.gov.my/-/repurchase-agreement-transactions-3,[]
https://www.bnm.gov.my/-/buletin-ringgit-keluaran-oktober-2014-kini-boleh-dimuat-turun,['documents/20124/761697/Ringgit+Ed54+Oct+2014+v3.pdf']
https://www.bnm.gov.my/-/bnm-to-host-the-bnm-economics-research-workshop-2014-on-the-structural-challenges-of-achieving-sustained-and-inclusive-growth-,[]
https://www.bnm.gov.my/-/buletin-ringgit-keluaran-september-2014-kini-boleh-dimuat-turun,['documents/20124/761697/Ringgit+Ed53+Sep+2014+v9.pdf']
https://www.bnm.gov.my/-/concept-paper-on-management-of-participating-life-policy-business,[]
https://www.bnm.gov.my/-/capital-adequacy-framework-for-financial-holding-companies-discussion-paper,[]
https://www.bnm.gov.my/-/buletin-ringgit-keluaran-ogos-2014-kini-boleh-dimuat-turun,['documents/20124/761697/Ringgit+Ed52+Aug+2014+v5.pdf']
https://www.bnm.gov.my/-/circular-pursuant-to-the-coming-into-force-of-the-amendments-to-the-amlatfa,[]
https://www.bnm.gov.my/-/circular-pursuant-to-the-anti-money-laundering-and-anti-terrorism-financing-security-council-resolution-al-qaida-and-taliban-amendment-order-2014-1,[]
https://www.bnm.gov.my/-/concept-paper-on-payment-card-reform-framework,[]
https://www.bnm.gov.my/-/muat-turun-ucapan-bajet-2015-oleh-perdana-menteri-malaysia,['documents/20124/761697/budget2015_bm.pdf']
https://www.bnm.gov.my/-/information-on-e-payment-services-and-fees-1,[]
https://www.bnm.gov.my/-/concept-paper-on-liquidity-coverage-ratio,[]
https://www.bnm.gov.my/-/buletin-ringgit-keluaran-julai-2014-kini-boleh-dimuat-turun,['documents/20124/761697/Ringgit+Ed51+July+2014+v5.pdf']
https://www.bnm.gov.my/-/concept-paper-compliance,[]
https://www.bnm.gov.my/-/malaysia-has-been-selected-to-host-afi-network-s-new-headquarters,[]
https://www.bnm.gov.my/-/call-for-public-feedback-consultation-paper-on-the-netting-of-financial-agreements-bill,[]
https://www.bnm.gov.my/-/buletin-ringgit-keluaran-jun-2014-kini-boleh-dimuat-turun,['documents/20124/761697/Ringgit+Ed50+Jun+2014+v4.pdf']
https://www.bnm.gov.my/-/enhancement-of-the-chiang-mai-initiative-multilateralisation,[]
https://www.bnm.gov.my/-/circular-pursuant-to-section-83-of-the-anti-money-laundering-and-anti-terrorism-financing-act-2001-amlatfa-on-the-recent-public-statement-issued-by-the-fatf,[]
https://www.bnm.gov.my/-/enhancement-of-the-policy-and-guidelines-of-the-small-debt-resolution-scheme-sdrs-,[]
https://www.bnm.gov.my/-/the-shariah-advisory-council-of-bank-negara-malaysia-the-sac-148th-meeting,[]
https://www.bnm.gov.my/-/buletin-ringgit-keluaran-mei-2014-kini-boleh-dimuat-turun,['documents/20124/761697/Ringgit+Ed49+May+2014+v4.pdf']
https://www.bnm.gov.my/-/concept-papers-ijarah-and-istisna-,[]
https://www.bnm.gov.my/-/buletin-ringgit-keluaran-april-2014-kini-boleh-dimuat-turun-1,['documents/20124/761697/Ringgit+Ed48+Apr+2014+v3.pdf']
https://www.bnm.gov.my/-/the-shariah-advisory-council-of-bank-negara-malaysia-the-sac-147th-meeting,[]
https://www.bnm.gov.my/-/buletin-ringgit-keluaran-mac-2014-kini-boleh-dimuat-turun,['documents/20124/761697/Ringgit+Ed47+Mac+2014+v10.pdf']
https://www.bnm.gov.my/-/berwaspada-dengan-panggilan-palsu-daripada-mereka-yang-mendakwa-sebagai-pegawai-bank-negara-malaysia-1,['documents/20124/761697/scam_alert_bm.pdf']
https://www.bnm.gov.my/-/buletin-ringgit-keluaran-februari-2014-kini-boleh-dimuat-turun,['documents/20124/761697/Ringgit+Ed46+Feb+2014+v4.pdf']
https://www.bnm.gov.my/-/online-banking-6-ways-to-stay-safe-online,[]
https://www.bnm.gov.my/-/buletin-ringgit-keluaran-januari-2014-kini-boleh-dimuat-turun,['documents/20124/761697/Ringgit+Ed45+Jan+2014+v3.pdf']
https://www.bnm.gov.my/-/berwaspada-dengan-panggilan-palsu-daripada-mereka-yang-mendakwa-sebagai-pegawai-bank-negara-malaysia,[]
https://www.bnm.gov.my/-/biasiswa-bank-negara-malaysia-sesi-akademik-2014-/-2015,[]
https://www.bnm.gov.my/-/financial-consumer-alert-list-of-unauthorised-companies-and-websites-has-been-updated.,[]
https://www.bnm.gov.my/-/buletin-ringgit-keluaran-disember-2013-kini-boleh-dimuat-turun,['documents/20124/761697/Ringgit_12.pdf']
https://www.bnm.gov.my/-/penerbitan-manual-rujukan-mahkamah-dan-penimbang-tara-kepada-majlis-penasihat-syariah-bank-negara-malaysia,['documents/20124/761697/Manual+Rujukan+Mahkamah+dan+Penimbang+Tara.pdf']
https://www.bnm.gov.my/-/research-papers-determinants-of-financial-performance-the-case-of-general-takaful-and-insurance-companies-in-malaysia,[]
https://www.bnm.gov.my/-/hijaukan-alam-sekitar-anda-wang-kertas-yang-sesuai-untuk-edaran-semula-adalah-pilihan-bijak-,[]
https://www.bnm.gov.my/-/kenyataan-mengenai-bitcoin,[]
https://www.bnm.gov.my/-/financial-consumer-alert-list-of-unauthorised-companies-and-websites-has-been-updated.-55,[]
https://www.bnm.gov.my/-/concept-paper-on-financing-facilities-with-connected-parties,[]
https://www.bnm.gov.my/-/updates-guidelines-circulars-listing-on-bank-negara-malaysia-s-website-2,[]
https://www.bnm.gov.my/-/buletin-ringgit-keluaran-november-2015-kini-boleh-dimuat-turun,['documents/20124/761694/Ringgit+Ed67+Nov+2015+v11.pdf']
https://www.bnm.gov.my/-/granting-of-credit-facilities,[]
https://www.bnm.gov.my/-/updates-guidelines-circulars-listing-on-bank-negara-malaysia-s-website-3,[]
https://www.bnm.gov.my/-/awareness-programme-e-payment-options-for-government-payments-registration-is-now-closed-,[]
https://www.bnm.gov.my/-/beware-of-spam-email-entitled-notification-of-money-laundering-involvement-2,[]
https://www.bnm.gov.my/-/buletin-ringgit-keluaran-oktober-2015-kini-boleh-dimuat-turun-1,"['documents/20124/761694/Ringgit+Ed2015+Survey+Form+v1.pdf', 'documents/20124/761694/Ringgit+Ed66+Oct+2015+v3.pdf']"
https://www.bnm.gov.my/-/muat-turun-ucapan-bajet-2016-oleh-perdana-menteri-malaysia,['documents/20124/761694/Ucapan_Bajet_2016.pdf']
https://www.bnm.gov.my/-/individual-wanted-by-bnm-1,[]
https://www.bnm.gov.my/-/buletin-ringgit-keluaran-september-2015-kini-boleh-dimuat-turun,['documents/20124/761694/Ringgit+Ed65+Sept+2015+v6.pdf']
https://www.bnm.gov.my/-/updates-guidelines-circulars-listing-on-bank-negara-malaysia-s-website-4,[]
https://www.bnm.gov.my/-/updates-guidelines-circulars-listing-on-bank-negara-malaysia-s-website-5,[]
https://www.bnm.gov.my/-/individual-wanted-by-bnm,[]
https://www.bnm.gov.my/-/financial-consumer-alert-list-of-unauthorised-companies-and-websites-has-been-updated.-56,[]
https://www.bnm.gov.my/-/updates-guidelines-circulars-listing-on-bank-negara-malaysia-s-website-6,[]
https://www.bnm.gov.my/-/a-2-month-celebration-of-children-s-day-at-the-bank-negara-malaysia-museum-and-art-gallery-children-s-day-at-the-museum-,[]
https://www.bnm.gov.my/-/buletin-ringgit-keluaran-ogos-2015-kini-boleh-dimuat-turun,['documents/20124/761694/Final_Ringgit+Ogos+2015.pdf']
https://www.bnm.gov.my/-/compliance,[]
https://www.bnm.gov.my/-/concept-paper-on-kafalah,[]
https://www.bnm.gov.my/-/beware-of-spam-email-entitled-notification-of-money-laundering-involvement-,[]
https://www.bnm.gov.my/-/announcement-of-closure-of-bank-negara-malaysia-museum-art-gallery,[]
https://www.bnm.gov.my/-/pengumuman-penutupan-muzium-galeri-seni-bank-negara-malaysia,[]
https://www.bnm.gov.my/-/statement-by-financial-markets-association-of-malaysia,[]
https://www.bnm.gov.my/-/buletin-ringgit-keluaran-julai-2015-kini-boleh-dimuat-turun,['documents/20124/761694/RINGGIT_July+2015_F.pdf']
https://www.bnm.gov.my/-/tabung-khas-bank-negara-malaysia-tiks2-tub2-dan-sdrs,"['documents/20124/761694/TIKS2.pdf', 'documents/20124/761694/SDRS.pdf', 'documents/20124/761694/TUB2.pdf']"
https://www.bnm.gov.my/-/book-your-seat-now-global-seminar-on-disaster-risk-financing-17-18-september-2015-,[]
https://www.bnm.gov.my/-/repurchase-agreement-transactions-2,[]
https://www.bnm.gov.my/-/concept-paper-on-capital-adequacy-framework-capital-components-,[]
https://www.bnm.gov.my/-/concept-paper-on-capital-adequacy-framework-for-islamic-banks-capital-components-,[]
https://www.bnm.gov.my/-/amendment-to-the-enhancement-of-the-policy-and-guidelines-of-the-small-debt-resolution-scheme-sdrs-,[]
https://www.bnm.gov.my/-/request-for-proposal-on-study-of-tax-impediments-on-the-growth-of-leasing-and-factoring-in-malaysia-deadline-12.00-noon-6-august-2015,[]
https://www.bnm.gov.my/-/hijaukan-alam-sekitar-anda-dengan-wang-kertas-hampir-baharu-pada-syawal-ini,[]
https://www.bnm.gov.my/-/buletin-ringgit-keluaran-mei-2015-kini-boleh-dimuat-turun-1,['documents/20124/761694/Ringgit+Ed61+Mei+2015+v4.pdf']
https://www.bnm.gov.my/-/buletin-ringgit-keluaran-jun-2015-kini-boleh-dimuat-turun-1,['documents/20124/761694/Ringgit+Ed62+Jun+2015+v3.pdf']
https://www.bnm.gov.my/-/buletin-ringgit-keluaran-april-2015-kini-boleh-dimuat-turun-1,['documents/20124/761694/Ringgit+Ed60+Apr+2015+v4.pdf']
https://www.bnm.gov.my/-/2015-national-e-payment-roadshow-moving-forward-with-e-payments,[]
https://www.bnm.gov.my/-/third-malaysia-statistics-conference-mystats-2015,[]
https://www.bnm.gov.my/-/buletin-ringgit-keluaran-mac-2015-kini-boleh-dimuat-turun,['documents/20124/761694/Ringgit+Ed61+Mei+2015+v4.pdf']
https://www.bnm.gov.my/-/third-annual-bank-negara-malaysia-economics-research-workshop-call-for-papers,[]
https://www.bnm.gov.my/-/my-ringgit-a-new-mobile-app-to-learn-about-malaysian-banknotes-by-bank-negara-malaysia,[]
https://www.bnm.gov.my/-/updates-guidelines-circulars-listing-on-bank-negara-malaysia-s-website-7,[]
https://www.bnm.gov.my/-/financial-consumer-alert-list-of-unauthorised-companies-and-websites-has-been-updated.-57,[]
https://www.bnm.gov.my/-/publication-of-liquidity-coverage-ratio-final-standard,[]
https://www.bnm.gov.my/-/period-of-stay-under-the-netting-of-financial-agreements-act-2015,[]
https://www.bnm.gov.my/-/buletin-ringgit-keluaran-februari-2015-kini-boleh-dimuat-turun,['documents/20124/761694/Ringgit+Ed58+Feb+2015+v6.pdf']
https://www.bnm.gov.my/-/buletin-ringgit-keluaran-januari-2015-kini-boleh-dimuat-turun,['documents/20124/761694/Ringgit+Ed57+Jan+2015+v4.pdf']
https://www.bnm.gov.my/-/biasiswa-bank-negara-malaysia-sesi-akademik-2015-/-2016,[]
https://www.bnm.gov.my/-/-kaji-selidik-maklum-balas-berkaitan-permintaan-terhadap-perlindungan-takaful-am,[]
https://www.bnm.gov.my/-/buletin-ringgit-keluaran-disember-2014-kini-boleh-dimuat-turun,['documents/20124/761694/Ringgit+Ed56+Dis+2014+v3.pdf']
https://www.bnm.gov.my/-/-survey-call-for-feedback-on-equity-based-venture,[]
https://www.bnm.gov.my/-/buletin-ringgit-keluaran-november-2014-kini-boleh-dimuat-turun,['documents/20124/761694/Ringgit+Ed55+Nov+2014+v4.pdf']
https://www.bnm.gov.my/-/response-to-feedback-received-consultation-paper-on-the-netting-of-financial-agreements-bill,[]
https://www.bnm.gov.my/-/klibor-rate-setting,[]
https://www.bnm.gov.my/-/buletin-ringgit-keluaran-november-2016-kini-boleh-dimuat-turun-1,['documents/20124/788939/Ringgit+Ed79+Nov+2016+v4.pdf']
https://www.bnm.gov.my/-/current-series-of-malaysian-banknotes-continue-to-be-legal-tender,[]
https://www.bnm.gov.my/-/perpindahan-kepada-kad-pembayaran-berasaskan-pin-untuk-transaksi-pembayaran-yang-lebih-selamat,[]
https://www.bnm.gov.my/-/update-to-frequently-asked-questions-faq-on-initiative-to-develop-the-onshore-financial-market,[]
https://www.bnm.gov.my/-/international-association-of-insurance-supervisors-iais-annual-conference-2017,[]
https://www.bnm.gov.my/-/gangguan-teknikal-perkhidmatan-telefon-ibu-pejabat-bank-negara-malaysia,[]
https://www.bnm.gov.my/-/supplementary-notice-on-foreign-exchange-administration-rules-measures-to-promote-the-development-of-malaysian-financial-market,[]
https://www.bnm.gov.my/-/buletin-ringgit-keluaran-oktober-2016-kini-boleh-dimuat-turun,['documents/20124/788939/Ringgit+Ed78+Oct+2016+-+Final.pdf']
https://www.bnm.gov.my/-/list-of-onshore-banks-in-malaysia,[]
https://www.bnm.gov.my/-/design-competition-for-commemorative-coins-2017,[]
https://www.bnm.gov.my/-/exposure-draft-on-code-of-conduct-for-malaysia-wholesale-financial-markets,[]
https://www.bnm.gov.my/-/concept-paper-on-direct-distribution-channels-for-pure-protection-products,[]
https://www.bnm.gov.my/-/change-to-pin-based-payment-cards-for-more-secure-payment-transactions,[]
https://www.bnm.gov.my/-/buletin-ringgit-keluaran-september-2016-kini-boleh-dimuat-turun,['documents/20124/788939/Ringgit+Ed77+Sep+2016+v9.pdf']
https://www.bnm.gov.my/-/muat-turun-ucapan-bajet-2017-oleh-perdana-menteri-malaysia,"['documents/20124/761691/TouchPoints_Bajet_2017bm.pdf', 'documents/20124/761691/Ucapan_Bajet_2017.pdf']"
https://www.bnm.gov.my/-/financial-technology-regulatory-sandbox-framework-2,[]
https://www.bnm.gov.my/-/concept-paper-on-stress-testing,[]
https://www.bnm.gov.my/-/beware-of-bogus-emails-using-bank-negara-malaysia-s-name-1,[]
https://www.bnm.gov.my/-/financial-consumer-alert-list-of-unauthorised-companies-and-websites-has-been-updated.-52,[]
https://www.bnm.gov.my/-/buletin-ringgit-keluaran-ogos-2016-kini-boleh-dimuat-turun,['documents/20124/788939/Ringgit+Ed76+Aug+2016+v8.pdf']
https://www.bnm.gov.my/-/call-for-participation-in-bank-negara-malaysia-s-high-speed-pitching-session,[]
https://www.bnm.gov.my/-/shareholder-suitability,[]
https://www.bnm.gov.my/-/fifth-auction-of-malaysian-banknotes-with-special-serial-numbers,[]
https://www.bnm.gov.my/-/restricted-committed-liquidity-facility-1,[]
https://www.bnm.gov.my/-/buletin-ringgit-keluaran-julai-2016-kini-boleh-dimuat-turun,['documents/20124/788939/Ringgit+Ed75+July+2016-FINAL.pdf']
https://www.bnm.gov.my/-/revocation-of-derivative-related-policy-documents-and-amendments-to-capital-adequacy-framework-basel-ii-risk-weighted-assets-,[]
https://www.bnm.gov.my/-/issuance-of-a-discussion-paper-on-fintech-regulatory-sandbox,[]
https://www.bnm.gov.my/-/call-for-papers-4th-malaysia-statistics-conference-mystats-2016-strengthening-statistical-usage-for-decisions-and-innovation-,[]
https://www.bnm.gov.my/-/restricted-committed-liquidity-facility,[]
https://www.bnm.gov.my/-/change-in-terminology-private-debt-securities-to-corporate-bond-and/or-sukuk,[]
https://www.bnm.gov.my/-/buletin-ringgit-keluaran-jun-2016-kini-boleh-dimuat-turun,['documents/20124/788939/Ringgit+Ed74+June+2016+v4.pdf']
https://www.bnm.gov.my/-/financing-facilities-with-connected-parties,[]
https://www.bnm.gov.my/-/buletin-ringgit-keluaran-mei-2016-kini-boleh-dimuat-turun,['documents/20124/788939/Ringgit+Ed73+Mei+2016+v4.pdf']
https://www.bnm.gov.my/-/design-competition-for-commemorative-banknotes,[]
https://www.bnm.gov.my/-/buletin-ringgit-keluaran-april-2016-kini-boleh-dimuat-turun,['documents/20124/788939/Ringgit+Ed72+Apr+2016+v3.pdf']
https://www.bnm.gov.my/-/financial-consumer-alert-list-of-unauthorised-companies-and-websites-has-been-updated.-53,[]
https://www.bnm.gov.my/-/design-competition-results-for-the-100th-anniversary-of-persatuan-pandu-puteri-malaysia-commemorative-coins,[]
https://www.bnm.gov.my/-/financial-consumer-alert-list-of-unauthorised-companies-and-websites-has-been-updated.-54,[]
https://www.bnm.gov.my/-/memahami-akaun-pelaburan-produk-baharu-perbankan-islam,"['documents/20124/761691/en_ia.pdf', 'documents/20124/761691/cn_ia.pdf', 'documents/20124/761691/01+INVESTMENT+ACC.pdf', 'documents/20124/761691/tm_ia.pdf', 'documents/20124/761691/bm_ia.pdf']"
https://www.bnm.gov.my/-/subjek-untuk-membantu-siasatan,[]
https://www.bnm.gov.my/-/notice-ringgit-mar2016,['documents/20124/788939/Ringgit+Ed71+Mar+2016+v5.pdf']
https://www.bnm.gov.my/-/operational-risk,[]
https://www.bnm.gov.my/-/compilation-of-shariah-standards-are-available-for-sale-during-giff-5.0,[]
https://www.bnm.gov.my/-/design-competition-results-for-the-50th-anniversary-of-yayasan-sabah-commemorative-coins,[]
https://www.bnm.gov.my/-/national-e-payment-roadshow-2016-moving-forward-with-e-payments,[]
https://www.bnm.gov.my/-/fourth-annual-bank-negara-malaysia-economics-research-workshop-call-for-papers,[]
https://www.bnm.gov.my/-/discussion-paper-on-microinsurance-and-microtakaful,[]
https://www.bnm.gov.my/-/internal-capital-adequacy-assessment-process-for-takaful-operators,[]
https://www.bnm.gov.my/-/buletin-ringgit-keluaran-februari-2016-kini-boleh-dimuat-turun,['documents/20124/788939/Ringgit+Ed70+Feb+2016+v3.pdf']
https://www.bnm.gov.my/-/concept-paper-on-shareholder-suitability,[]
https://www.bnm.gov.my/-/concept-paper-on-corporate-governance,[]
https://www.bnm.gov.my/-/financial-consumer-alert-list-of-unauthorised-companies-and-websites-has-been-updated.-1,[]
https://www.bnm.gov.my/-/buletin-ringgit-isu-januari-2016-kini-boleh-dimuat-turun,['documents/20124/788939/Ringgit+%28new%29+Ed69+Jan+2016+v4.pdf']
https://www.bnm.gov.my/-/bank-negara-malaysia-scholarship-programme-2016-/-2017-nurturing-excellent-talent,[]
https://www.bnm.gov.my/-/muat-turun-ucapan-pengubahsuaian-bajet-2016-oleh-perdana-menteri-malaysia,['documents/20124/761691/Perutusan_Khas_Bajet2016.pdf']
https://www.bnm.gov.my/-/trial-run-of-new-bnm-website,[]
https://www.bnm.gov.my/-/ringgit-newsletter-december-2015-issue-is-now-available-for-download.,[]
https://www.bnm.gov.my/-/calling-all-young-malaysian-scholars-world-bank-malaysia-country-office-to-award-young-researcher-prize,[]
https://www.bnm.gov.my/-/design-competition-for-commemorative-coins-2016,[]
https://www.bnm.gov.my/-/operating-cost-controls-for-life-insurance-and-family-takaful-business-1,[]
https://www.bnm.gov.my/-/leverage-ratio,[]
https://www.bnm.gov.my/-/exposure-draft-on-the-interoperable-credit-transfer-framework-1,[]
https://www.bnm.gov.my/-/anti-money-laundering-and-counter-financing-of-terrorism-aml/cft-money-services-business-sector-3-supplementary-document-no.-1-1,[]
https://www.bnm.gov.my/-/financial-consumer-alert-list-of-unauthorised-companies-and-websites-has-been-updated.-51,[]
https://www.bnm.gov.my/-/rulings-of-the-shariah-advisory-council-sac-of-bank-negara-malaysia-1,"['documents/20124/761688/Kenyataan+MPS+181_BM.pdf', 'documents/20124/761688/SAC+181st+Meeting+Statement+EN.pdf']"
https://www.bnm.gov.my/-/ringgit-newsletter-december-2017-issue-is-now-available-for-download,['documents/20124/788710/Ringgit+Ed92+Dec+2017+v9.pdf']
https://www.bnm.gov.my/-/enforcement-action-against-company-conducting-illegal-deposit-taking-3,[]
https://www.bnm.gov.my/-/payment-system-forum-and-exhibition-2017-mobile-payment-the-next-wave-2,[]
https://www.bnm.gov.my/-/exposure-draft-on-shariah-governance-1,[]
https://www.bnm.gov.my/-/ringgit-newsletter-november-2017-issue-is-now-available-for-download,['documents/20124/788710/Ringgit+Ed89+Nov+2017.pdf']
https://www.bnm.gov.my/-/muat-turun-ucapan-bajet-2018-oleh-perdana-menteri-malaysia-1,"['documents/20124/761688/Budget2018.pdf', 'documents/20124/761688/Ucapan_Bajet_2018.pdf']"
https://www.bnm.gov.my/-/exposure-draft-on-operating-cost-controls-for-life-insurance-and-family-takaful-business-1,[]
https://www.bnm.gov.my/-/bank-negara-malaysia-pdrm-on-currency-education-initiative-1,[]
https://www.bnm.gov.my/-/principles-for-a-fair-and-effective-financial-market-for-the-malaysian-financial-market-1,[]
https://www.bnm.gov.my/-/exposure-draft-on-employee-screening-1,[]
https://www.bnm.gov.my/-/buletin-ringgit-keluaran-ogos-2017-kini-boleh-dimuat-turun-1,['documents/20124/788710/Ringgit+Ed88+Aug+2017+v5.pdf']
https://www.bnm.gov.my/-/keputusan-majlis-penasihat-shariah-2,['documents/20124/761688/SAC+179th+Meeting+Statement+BM.pdf']
https://www.bnm.gov.my/-/exposure-draft-for-anti-money-laundering-and-counter-financing-of-terrorism-aml/cft-money-services-business-sector-3-supplementary-document-no.-1-1,[]
https://www.bnm.gov.my/-/exposure-draft-on-outsourcing-1,[]
https://www.bnm.gov.my/-/exposure-draft-on-net-stable-funding-ratio-1,[]
https://www.bnm.gov.my/-/surat-kpd-ketua-pembangkang,['documents/20124/761688/memorandum_1MDB.pdf']
https://www.bnm.gov.my/-/tindakan-penguatkuasaan-terhadap-syarikat-yang-mengambil-deposit-secara-haram,[]
https://www.bnm.gov.my/-/financial-consumer-alert-list-of-unauthorised-companies-and-websites-has-been-updated.-50,['documents/20124/761688/20170920_FCA_EN.pdf']
https://www.bnm.gov.my/-/supplementary-notice-no.3-on-foreign-exchange-administration-rules-measures-to-promote-development-of-malaysian-financial-market-2,"['documents/20124/761688/Registration+form.pdf', 'documents/20124/761688/Supplementary+Notice+No.3.pdf']"
https://www.bnm.gov.my/-/list-of-financial-institutions-under-the-appointed-overseas-office-framework,[]
https://www.bnm.gov.my/-/reissuance-of-the-capital-adequacy-framework-capital-components-and-capital-adequacy-framework-for-islamic-banks-capital-components-1,[]
https://www.bnm.gov.my/-/keputusan-majlis-penasihat-shariah-1,['documents/20124/761688/SAC+178th+Meeting+Statement+%28BM+version%292.pdf']
https://www.bnm.gov.my/-/financial-consumer-alert-list-of-unauthorised-companies-and-websites-has-been-updated.-49,[]
https://www.bnm.gov.my/-/buletin-ringgit-keluaran-julai-2017-kini-boleh-dimuat-turun-1,['documents/20124/788710/Ringgit+Ed87+July+2017+v6+FINAL.pdf']
https://www.bnm.gov.my/-/exposure-draft-on-leverage-ratio-1,[]
https://www.bnm.gov.my/-/financial-consumer-alert-list-of-unauthorised-companies-and-websites-has-been-updated.-48,['documents/20124/761688/20170731_FCA_EN.pdf']
https://www.bnm.gov.my/-/call-for-papers-5th-malaysia-statistics-conference-mystats-2017-from-data-to-knowledge-the-journey-1,[]
https://www.bnm.gov.my/-/buletin-ringgit-keluaran-jun-2017-kini-boleh-dimuat-turun-1,"['documents/20124/788710/Ringgit+Ed86+June+2017+v6.pdf', 'documents/20124/761688/Ringgit+Ed2017+Survey+Form+v1.pdf']"
https://www.bnm.gov.my/-/strategy-paper-on-value-based-intermediation-strengthening-the-roles-and-impact-of-islamic-finance-1,[]
https://www.bnm.gov.my/-/call-for-papers-fifth-annual-bank-negara-malaysia-economics-research-workshop-macroeconomic-prospects-in-the-digital-economy-20th-november-2017-kuala-lumpur-malaysia-1,[]
https://www.bnm.gov.my/-/financial-consumer-alert-list-of-unauthorised-companies-and-websites-has-been-updated.-34,[]
https://www.bnm.gov.my/-/direct-distribution-channels-for-pure-protection-products-1,[]
https://www.bnm.gov.my/-/financial-consumer-alert-list-of-unauthorised-companies-and-websites-has-been-updated.-33,['documents/20124/761688/20170623_FCA_EN.pdf']
https://www.bnm.gov.my/-/financial-consumer-alert-list-of-unauthorised-companies-and-websites-has-been-updated.-7,[]
https://www.bnm.gov.my/-/ringgit-newsletter-may-2017-issue-is-now-available-for-download,['documents/20124/788710/Ringgit+Ed85+May+2017-Draft+5+%28FINAL%29.pdf']
https://www.bnm.gov.my/-/migration-to-pin-enabled-payment-cards-pin-pay-1,[]
https://www.bnm.gov.my/-/exposure-draft-on-rahn-1,[]
https://www.bnm.gov.my/-/buletin-ringgit-keluaran-april-2017-kini-boleh-dimuat-turun-1,['documents/20124/788710/Ringgit+Ed84+Apr+2017+v5.pdf']
https://www.bnm.gov.my/-/financial-consumer-alert-list-of-unauthorised-companies-and-websites-has-been-updated.-6,[]
https://www.bnm.gov.my/notices-announcements/-/asset_publisher/XRQ5HftX94WW/content/financial-consumer-alert-list-of-unauthorised-companies-and-websites-has-been-updated.-5?_com_liferay_asset_publisher_web_portlet_AssetPublisherPortlet_INSTANCE_XRQ5HftX94WW_assetEntryId=979309&amp;_com_liferay_asset_publisher_web_portlet_AssetPublisherPortlet_INSTANCE_XRQ5HftX94WW_redirect=https%3A%2F%2Fwww.bnm.gov.my%2Fnotices-announcements%3Fp_p_id%3Dcom_liferay_asset_publisher_web_portlet_AssetPublisherPortlet_INSTANCE_XRQ5HftX94WW%26p_p_lifecycle%3D0%26p_p_state%3Dnormal%26p_p_mode%3Dview%26_com_liferay_asset_publisher_web_portlet_AssetPublisherPortlet_INSTANCE_XRQ5HftX94WW_cur%3D0%26p_r_p_resetCur%3Dtrue%26_com_liferay_asset_publisher_web_portlet_AssetPublisherPortlet_INSTANCE_XRQ5HftX94WW_assetEntryId%3D979309,[]
https://www.bnm.gov.my/-/peluang-kerjaya-di-bank-negara-malaysia-temuduga-terbuka-untuk-jawatan-konstabel-unit-khas-perkhidmatan-polis-bantuan-1,[]
https://www.bnm.gov.my/-/peluang-kerjaya-di-bank-negara-malaysia-temuduga-terbuka-untuk-jawatan-konstabel-perkhidmatan-polis-bantuan-1,[]
https://www.bnm.gov.my/notices-announcements/-/asset_publisher/XRQ5HftX94WW/content/financial-consumer-alert-list-of-unauthorised-companies-and-websites-has-been-updated.-4?_com_liferay_asset_publisher_web_portlet_AssetPublisherPortlet_INSTANCE_XRQ5HftX94WW_assetEntryId=979212&amp;_com_liferay_asset_publisher_web_portlet_AssetPublisherPortlet_INSTANCE_XRQ5HftX94WW_redirect=https%3A%2F%2Fwww.bnm.gov.my%2Fnotices-announcements%3Fp_p_id%3Dcom_liferay_asset_publisher_web_portlet_AssetPublisherPortlet_INSTANCE_XRQ5HftX94WW%26p_p_lifecycle%3D0%26p_p_state%3Dnormal%26p_p_mode%3Dview%26_com_liferay_asset_publisher_web_portlet_AssetPublisherPortlet_INSTANCE_XRQ5HftX94WW_cur%3D0%26p_r_p_resetCur%3Dtrue%26_com_liferay_asset_publisher_web_portlet_AssetPublisherPortlet_INSTANCE_XRQ5HftX94WW_assetEntryId%3D979212,[]
https://www.bnm.gov.my/-/peringatan-mengenai-penipuan-sms-dan-laman-sesawang-palsu-yang-melibatkan-nama-bank-negara-malaysia-1,[]
https://www.bnm.gov.my/-/removal-of-reserve-fund-requirement-in-the-policy-document-on-capital-funds-for-islamic-banks-1,[]
https://www.bnm.gov.my/-/removal-of-reserve-fund-requirement-in-the-policy-document-on-capital-funds,[]
https://www.bnm.gov.my/-/supplementary-notice-no.-2-on-foreign-exchange-administration-rules-and-amendment-to-the-definitions-of-the-notices-on-foreign-exchange-administration-rules-measures-to-promote-development-of-malaysian-financial-market,[]
https://www.bnm.gov.my/-/beware-of-financial-scams-promising-unrealistic-high-returns-1,[]
https://www.bnm.gov.my/-/notis-penyalahgunaan-nama-bank-negara-malaysia-serta-nama-dan-jawatan-pegawai-pegawai-kanannya-1,"['documents/20124/40748/20170428_Advert_MISUSE_ENG.pdf', 'documents/20124/40748/20170428_Advert_MISUSE_TAMIL.pdf', 'documents/20124/40748/20170428_Advert_MISUSE_BM.pdf', 'documents/20124/40748/20170428_Advert_MISUSE_CHINESE.pdf']"
https://www.bnm.gov.my/-/liberalisation-of-motor-insurance,[]
https://www.bnm.gov.my/-/sixth-auction-of-ringgit-banknotes-with-special-serial-numbers-4th-series-1,[]
https://www.bnm.gov.my/-/code-of-conduct-for-malaysia-wholesale-financial-markets-1,[]
https://www.bnm.gov.my/-/concept-paper-on-principles-for-a-fair-and-effective-financial-market-for-the-malaysian-financial-market-1,[]
https://www.bnm.gov.my/-/regulated-short-selling-of-securities-in-the-wholesale-money-market-1,[]
https://www.bnm.gov.my/-/national-e-payment-roadshow-2017-moving-forward-with-e-payments-1,[]
https://www.bnm.gov.my/-/buletin-ringgit-keluaran-mac-2017-kini-boleh-dimuat-turun-1,['documents/20124/788710/Ringgit+Ed83+Mac+2017+v7.pdf']
https://www.bnm.gov.my/-/misleading-headline-in-the-edge-financial-daily-1,[]
https://www.bnm.gov.my/-/nasihat-kepada-orang-ramai-mengenai-aplikasi-mudah-alih-untuk-penjagaan-kesihatan-dan-perbelanjaan-perubatan-1,[]
https://www.bnm.gov.my/-/buletin-ringgit-keluaran-februari-2017-kini-boleh-dimuat-turun-1,['documents/20124/788710/Ringgit+Ed82+Feb+2017+v4.pdf']
https://www.bnm.gov.my/-/kekosongan-jawatan-konstabel-unit-khas-perkhidmatan-polis-bantuan-bank-negara-malaysia-1,[]
https://www.bnm.gov.my/-/kekosongan-jawatan-konstabel-perkhidmatan-polis-bantuan-bank-negara-malaysia-1,[]
https://www.bnm.gov.my/-/reissuance-of-the-capital-adequacy-framework-basel-ii-risk-weighted-assets-and-the-capital-adequacy-framework-for-islamic-banks-risk-weighted-assets-1,[]
https://www.bnm.gov.my/-/financial-consumer-alert-list-of-unauthorised-companies-and-websites-has-been-updated.-3,[]
https://www.bnm.gov.my/-/buletin-ringgit-keluaran-januari-2017-kini-boleh-dimuat-turun-1,['documents/20124/788710/Ringgit+Ed81+Jan+2017+v5.pdf']
https://www.bnm.gov.my/-/wa-d,[]
https://www.bnm.gov.my/-/buletin-ringgit-keluaran-disember-2016-kini-boleh-dimuat-turun,['documents/20124/788939/Ringgit+Ed80+Dec+2016+v3.pdf']
https://www.bnm.gov.my/-/commencement-of-commercial-banking-business-of-china-construction-bank-malaysia-berhad-1,[]
https://www.bnm.gov.my/-/exposure-draft-on-credit-risk-1,[]
https://www.bnm.gov.my/-/financial-consumer-alert-list-of-unauthorised-companies-and-websites-has-been-updated.-2,[]
https://www.bnm.gov.my/-/presentation-malaysia-navigating-the-new-normal-slides-available-1,[]
https://www.bnm.gov.my/-/beware-of-bogus-emails-using-governor-bank-negara-malaysia-s-name-1,[]
https://www.bnm.gov.my/-/call-for-papers-2017-summer-conference-on-threats-to-globalisation-in-the-aftermath-of-the-crisis-1,[]
https://www.bnm.gov.my/-/policy-document-on-outsourcing-1,[]
https://www.bnm.gov.my/-/buletin-ringgit-keluaran-november-2018-kini-boleh-dimuat-turun-1,['documents/20124/761682/Ringgit+Ed103+Nov+2018+v9.pdf']
https://www.bnm.gov.my/-/islamic-finance-rendezvous-series-2019,[]
https://www.bnm.gov.my/-/keputusan-mesyuarat-majlis-penasihat-shariah-mps-ke-188-1,['documents/20124/761682/Kenyataan+Keputusan+Mesyuarat+MPS+ke-188.pdf']
https://www.bnm.gov.my/-/buletin-ringgit-keluaran-oktober-2018-kini-boleh-dimuat-turun-1,['documents/20124/761682/Ringgit+Ed102+Oct+2018+v6.pdf']
https://www.bnm.gov.my/-/-go-digital-talk-workshop-1,[]
https://www.bnm.gov.my/-/muat-turun-ucapan-bajet-2019-oleh-menteri-kewangan-malaysia-1,['documents/20124/761682/Ucapan_Bajet_2019.pdf']
https://www.bnm.gov.my/-/financial-consumer-alert-list-of-unauthorised-companies-and-websites-has-been-updated.-35,[]
https://www.bnm.gov.my/-/ruling-of-the-shariah-advisory-council-sac-of-bank-negara-malaysia-at-its-187th-meeting-1,"['documents/20124/761682/SAC+187th+Meeting+Statement+%28Eng%29.pdf', 'documents/20124/761682/SAC+187th+Meeting+Statement+%28BM%29.pdf']"
https://www.bnm.gov.my/-/ruling-of-the-sac-09102018,"['documents/20124/761682/SAC+186th+Meeting+Statement+%28BM%29.pdf', 'documents/20124/761682/SAC+186th+Meeting+Statement+%28Eng%29.pdf']"
https://www.bnm.gov.my/-/guidance-documents-on-value-based-intermediation-strengthening-the-roles-and-impact-of-islamic-finance-1,[]
https://www.bnm.gov.my/-/buletin-ringgit-keluaran-september-2018-kini-boleh-dimuat-turun-1,['documents/20124/761682/Ringgit+Ed101+Sep+2018+v4.pdf']
https://www.bnm.gov.my/-/temuduga-terbuka-20092018,[]
https://www.bnm.gov.my/-/exposure-draft-on-publishing-open-data-using-open-api*-1,[]
https://www.bnm.gov.my/-/call-for-submission-of-contributed-paper-sessions-cps-1,[]
https://www.bnm.gov.my/-/buletin-ringgit-keluaran-ogos-2018-kini-boleh-dimuat-turun-1,['documents/20124/761682/Ringgit+Ed100+Aug+2018+v5.pdf']
https://www.bnm.gov.my/-/financial-consumer-alert-list-of-unauthorised-companies-and-websites-has-been-updated.-36,[]
https://www.bnm.gov.my/-/buletin-ringgit-keluaran-julai-2018-kini-boleh-dimuat-turun-1,['documents/20124/761682/Ringgit+Ed99+July+2018+v7.pdf']
https://www.bnm.gov.my/-/financial-consumer-alert-list-of-unauthorised-companies-and-websites-has-been-updated.-37,[]
https://www.bnm.gov.my/-/buletin-ringgit-keluaran-jun-2018-kini-boleh-dimuat-turun-1,['documents/20124/761682/Ringgit+Ed98+June+2018+v5-1.pdf']
https://www.bnm.gov.my/-/tun-ismail-ali-scholarship-for-postgraduate-programme-2018-/-2019-1,[]
https://www.bnm.gov.my/-/rahn-1,[]
https://www.bnm.gov.my/-/buletin-ringgit-keluaran-mei-2018-kini-boleh-dimuat-turun-1,['documents/20124/761682/Ringgit+Ed97+May+2018+v8.pdf']
https://www.bnm.gov.my/-/jualan-wang-peringatan-di-sasana-kijang-bank-negara-malaysia-pada-30-jun-2018-1,[]
https://www.bnm.gov.my/-/exposure-draft-on-trade-credit-insurance-and-trade-credit-takaful-1,[]
https://www.bnm.gov.my/-/financial-consumer-alert-list-of-unauthorised-companies-and-websites-has-been-updated.-39,[]
https://www.bnm.gov.my/-/financial-consumer-alert-list-of-unauthorised-companies-and-websites-has-been-updated.-38,[]
https://www.bnm.gov.my/-/buletin-ringgit-keluaran-april-2018-kini-boleh-dimuat-turun-1,['documents/20124/761682/Ringgit+Ed96+Apr+2018+v6-final.pdf']
https://www.bnm.gov.my/-/tindakan-penguatkuasaan-terhadap-syarikat-yang-disyaki-menggunakan-perkataan-bank-tanpa-kelulusan-1,[]
https://www.bnm.gov.my/-/additional-requirements-for-the-money-services-business-compliance-officers,[]
https://www.bnm.gov.my/-/exposure-draft-on-takaful-operational-framework-1,[]
https://www.bnm.gov.my/-/survey-to-obtain-feedback-from-smes-on-access-to-finance-1,[]
https://www.bnm.gov.my/-/1q-2018-labour-market-statistics-of-the-financial-services-sector,[]
https://www.bnm.gov.my/-/pengumuman-siaran-penyataan-dasar-kewangan-1,[]
https://www.bnm.gov.my/-/financial-consumer-alert-list-of-unauthorised-companies-and-websites-has-been-updated.-40,[]
https://www.bnm.gov.my/-/62nd-isi-world-statistics-congress-2019-isi-wsc-2019-invitation-for-submission-of-sts-proposals-1,[]
https://www.bnm.gov.my/-/tindakan-penguatkuasaan-terhadap-pengendali-perniagaan-perkhidmatan-wang-secara-haram-di-johor-bahru,[]
https://www.bnm.gov.my/-/bai-60-al-sarf-currency-exchange-,[]
https://www.bnm.gov.my/-/financial-consumer-alert-list-of-unauthorised-companies-and-websites-has-been-updated.-41,[]
https://www.bnm.gov.my/-/social-media-message-on-atm-cash-withdrawal-1,[]
https://www.bnm.gov.my/-/caution-on-fake-crypto-related-certification-using-bank-negara-malaysia-s-name-1,[]
https://www.bnm.gov.my/-/response-to-singapore-straits-times-article-entitled-foreign-insurers-in-malaysia-resisting-divestment-sources-1,[]
https://www.bnm.gov.my/-/finalised-strategy-paper-on-value-based-intermediation-strengthening-the-roles-and-impact-of-islamic-finance-1,[]
https://www.bnm.gov.my/-/list-of-financial-institutions-under-the-appointed-overseas-office-framework-4,[]
https://www.bnm.gov.my/-/interoperable-credit-transfer-framework-ictf-2,[]
https://www.bnm.gov.my/-/financial-consumer-alert-list-of-unauthorised-companies-and-websites-has-been-updated.-42,[]
https://www.bnm.gov.my/-/caution-on-unauthorized-cryptocurrency-investment-platform-coinzer-1,[]
https://www.bnm.gov.my/-/employee-screening-1,[]
https://www.bnm.gov.my/-/jualan-lelong-wang-peringatan-dan-wang-kertas-ringgit-malaysia-bernombor-siri-istimewa-1,[]
https://www.bnm.gov.my/-/temuduga-terbuka-10032018,['documents/20124/761682/Constable_Recruitment.pdf']
https://www.bnm.gov.my/-/buletin-ringgit-keluaran-mac-2018-kini-boleh-dimuat-turun-1,['documents/20124/761682/Ringgit+Ed95+Mar+2018+v7.pdf']
https://www.bnm.gov.my/-/jualan-wang-peringatan-di-muzium-dan-galeri-seni-bank-negara-malaysia-mulai-5-mac-2018-1,[]
https://www.bnm.gov.my/-/discussion-paper-on-responsibility-mapping-1,[]
https://www.bnm.gov.my/-/four-former-genneva-sdn.-bhd-directors-jailed-for-8-years-and-fined-rm-1-million-1,[]
https://www.bnm.gov.my/-/4q-2017-labour-market-statistics-of-the-financial-services-sector-1,[]
https://www.bnm.gov.my/-/ruling-of-the-sac-05022018,"['documents/20124/761682/Kenyataan+Mesyuarat+MPS+182+%28BM%29+FINAL.pdf', 'documents/20124/761682/SAC+182nd+Statement+%28BI%29+FINAL.pdf']"
https://www.bnm.gov.my/-/buletin-ringgit-keluaran-februari-2018-kini-boleh-dimuat-turun-1,['documents/20124/761682/Ringgit+Ed94+Feb+2018+v10.pdf']
https://www.bnm.gov.my/-/labour-market-conditions-in-the-financial-services-sector-1,[]
https://www.bnm.gov.my/-/credit-risk-1,[]
https://www.bnm.gov.my/-/financial-consumer-alert-list-of-unauthorised-companies-and-websites-has-been-updated.-44,[]
https://www.bnm.gov.my/-/financial-consumer-alert-list-of-unauthorised-companies-and-websites-has-been-updated.-43,[]
https://www.bnm.gov.my/-/compliance-to-swift-s-security-controls-requirement-1,[]
https://www.bnm.gov.my/-/list-of-principal-dealers-and-islamic-principal-dealers-1,[]
https://www.bnm.gov.my/-/buletin-ringgit-keluaran-januari-2018-kini-boleh-dimuat-turun,['documents/20124/761682/Ringgit+Ed93+Jan+2018+v7.pdf']
https://www.bnm.gov.my/-/policy-document-on-anti-money-laundering-countering-financing-of-terrorism-and-targeted-financial-sanctions-for-financial-institutions-aml/cft-and-tfs-for-fis-,[]
https://www.bnm.gov.my/-/anti-money-laundering-countering-financing-of-terrorism-and-targeted-financial-sanctions-for-designated-non-financial-businesses-and-professions-dnfbps-non-bank-financial-institutions-nbfis-aml/cft-and-tfs-for-dnfbps-and-nbfis-1,[]
https://www.bnm.gov.my/-/discussion-paper-on-climate-change-and-principle-based-taxonomy-1,[]
https://www.bnm.gov.my/-/exposure-draft-on-responsibility-mapping-1,[]
https://www.bnm.gov.my/-/policy-document-on-operating-cost-controls-for-life-insurance-and-family-takaful-business-1,[]
https://www.bnm.gov.my/-/exposure-draft-on-valuation-of-insurance-and-takaful-liabilities-1,[]
https://www.bnm.gov.my/-/equity-investments-1,[]
https://www.bnm.gov.my/-/interoperable-credit-transfer-framework-ictf-3,[]
https://www.bnm.gov.my/-/keputusan-mesyuarat-majlis-penasihat-shariah-mps-ke-194-dan-ke-195-1,[]
https://www.bnm.gov.my/-/tindakan-penguatkuasaan-terhadap-pengendali-perniagaan-perkhidmatan-wang-haram-di-johor-1,[]
https://www.bnm.gov.my/-/buletin-ringgit-keluaran-bil.-6/2019-kini-boleh-dimuat-turun-1,[]
https://www.bnm.gov.my/-/pelantikan-ahli-jawatankuasa-eksekutif-kestabilan-kewangan-bank-negara-malaysia-1,[]
https://www.bnm.gov.my/-/repurchase-agreement-transactions,[]
https://www.bnm.gov.my/-/had-transaksi-tunai-ctl-apa-yang-patut-anda-tahu,[]
https://www.bnm.gov.my/-/framework-for-electronic-trading-platforms,[]
https://www.bnm.gov.my/-/buletin-ringgit-keluaran-bil.-5/2019-kini-boleh-dimuat-turun,[]
https://www.bnm.gov.my/-/policy-document-on-fair-treatment-of-financial-consumers,[]
https://www.bnm.gov.my/-/value-based-intermediation-financing-and-investment-impact-assessment-framework-guidance-document,[]
https://www.bnm.gov.my/-/tindakan-penguatkuasaan-terhadap-syarikat-yang-disyaki-menggunakan-perkataan-bank-tanpa-kelulusan-2,[]
https://www.bnm.gov.my/-/temuduga-terbuka-24102019,[]
https://www.bnm.gov.my/-/muat-turun-ucapan-bajet-2020-oleh-menteri-kewangan-malaysia,[]
https://www.bnm.gov.my/-/policy-document-on-shariah-governance,[]
https://www.bnm.gov.my/-/anti-money-laundering-and-counter-financing-of-terrorism-aml/cft-money-services-business-sector-3-supplementary-document-no.-2-,[]
https://www.bnm.gov.my/-/information-on-local-currency-settlement-framework,[]
https://www.bnm.gov.my/-/empat-pengarah-mgsb-berhad-mengaku-bersalah-terhadap-kesalahan-mengambil-deposit-secara-haram-dan-menjalankan-aktiviti-pengubahan-wang-haram,[]
https://www.bnm.gov.my/-/exposure-draft-on-corporate-governance,[]
https://www.bnm.gov.my/-/buletin-ringgit-keluaran-bil.-4/2019-kini-boleh-dimuat-turun,['documents/20124/761679/Ringgit+Ed108+2019-04+v4.pdf']
https://www.bnm.gov.my/-/exposure-draft-on-repurchase-agreement-transactions,[]
https://www.bnm.gov.my/-/kemudahan-tempahan-dan-pembayaran-dalam-talian-bagi-pembelian-wang-peringatan-yang-dikeluarkan-oleh-bank-negara-malaysia,[]
https://www.bnm.gov.my/-/exposure-draft-on-anti-money-laundering-and-counter-financing-of-terrorism-aml/cft-money-services-business-sector-3-supplementary-document-no.-2-,[]
https://www.bnm.gov.my/-/call-for-applications-uncdf-digital-financing-for-sustainable-development-goals-challenge,[]
https://www.bnm.gov.my/-/tindakan-penguatkuasaan-terhadap-rangkaian-pengendali-perniagaan-perkhidmatan-wang-haram,[]
https://www.bnm.gov.my/-/exposure-draft-on-operating-cost-controls-for-life-insurance-and-family-takaful-business-2,[]
https://www.bnm.gov.my/-/net-stable-funding-ratio,[]
https://www.bnm.gov.my/-/buletin-ringgit-keluaran-bil.-3/2019-kini-boleh-dimuat-turun,['documents/20124/761679/Ringgit+Ed107+2019-03+v6A+%281%29.pdf']
https://www.bnm.gov.my/-/islamic-finance-rendezvous-series-2019-1,[]
https://www.bnm.gov.my/-/temu-duga-terbuka-untuk-jawatan-konstabel-unit-khas-dan-konstabel,[]
https://www.bnm.gov.my/-/investment-linked-polices/certificates-mandatory-testing-and-disclosure-of-sustainability-coverage,[]
https://www.bnm.gov.my/-/exposure-draft-on-insurance-and-takaful-aggregation-business-registration-procedure-and-requirements,[]
https://www.bnm.gov.my/-/exposure-draft-on-framework-for-electronic-trading-platforms,[]
https://www.bnm.gov.my/-/policy-document-on-shareholder-suitability-notification-and-application-procedures,[]
https://www.bnm.gov.my/-/financial-consumer-alert-list-of-unauthorised-companies-and-websites-has-been-updated.-45,[]
https://www.bnm.gov.my/-/requirements-for-installation-of-closed-circuit-television-cctv-system-at-business-premises-for-the-conduct-of-money-services-business-msb-1,[]
https://www.bnm.gov.my/-/ringgit-newsletter-bil.-2/2019-is-now-available-for-download-1,[]
https://www.bnm.gov.my/-/tindakan-penguatkuasaan-terhadap-pengendali-perniagaan-perkhidmatan-wang-secara-haram-di-sibu-sarawak-1,[]
https://www.bnm.gov.my/-/policy-document-on-trade-credit-insurance-and-trade-credit-takaful-1,[]
https://www.bnm.gov.my/-/temuduga-terbuka-30042019,[]
https://www.bnm.gov.my/-/dynamic-hedging-programme-for-institutional-investors,[]
https://www.bnm.gov.my/-/jualan-lelong-wang-kertas-ringgit-malaysia-bernombor-siri-istimewa-1,[]
https://www.bnm.gov.my/-/exposure-draft-on-universal-life-business-1,[]
https://www.bnm.gov.my/-/exposure-draft-on-domestic-systemically-important-banks-framework-1,[]
https://www.bnm.gov.my/-/kadar-dan-statistik-bank-negara-malaysia-kini-boleh-dicapai-melalui-open-api-1,[]
https://www.bnm.gov.my/-/financial-consumer-alert-list-of-unauthorised-companies-and-websites-has-been-updated.-46,[]
https://www.bnm.gov.my/-/call-for-public-feedback-consultation-paper-on-the-proposed-amendments-to-the-money-services-business-act-2011-1,[]
https://www.bnm.gov.my/-/buletin-ringgit-keluaran-bil.-1/2019-kini-boleh-dimuat-turun-1,['documents/20124/761679/Ringgit+Ed105+2019-01+v6.pdf']
https://www.bnm.gov.my/-/phishing-attempts-by-impersonating-email-and-training-website-from-bank-negara-malaysia,[]
https://www.bnm.gov.my/-/biasiswa-bank-negara-malaysia-sesi-akademik-2019/2020-membentuk-bakat-terunggul-1,[]
https://www.bnm.gov.my/-/tindakan-penguatkuasaan-terhadap-pengendali-perniagaan-perkhidmatan-wang-haram-di-kedah-dan-perlis-1,[]
https://www.bnm.gov.my/-/tindakan-penguatkuasaan-terhadap-pengendali-perniagaan-perkhidmatan-wang-secara-haram-di-kuala-lumpur-1,[]
https://www.bnm.gov.my/-/requirements-for-directors-and-chief-executive-officers-to-attend-the-money-services-business-directors-education-programme-msb-dep-1,[]
https://www.bnm.gov.my/-/policy-document-on-investment-linked-business-1,[]
https://www.bnm.gov.my/-/financial-consumer-alert-list-of-unauthorised-companies-and-websites-has-been-updated.-47,[]
https://www.bnm.gov.my/-/policy-document-on-publishing-open-data-using-open-api-1,[]
https://www.bnm.gov.my/-/buletin-ringgit-keluaran-disember-2018-kini-boleh-dimuat-turun-1,['documents/20124/761679/Ringgit+Ed104+Dec+2018+v5.pdf']
https://www.bnm.gov.my/-/pertukaran-mata-wang-kertas-dan-duit-syiling-rosak-serta-mata-wang-yang-tidak-lagi-sah-diperlakukan-di-institusi-kewangan,[]
https://www.bnm.gov.my/-/jawatankuasa-pasaran-kewangan-akan-memacu-pembangunan-kadar-penanda-aras-kewangan-alternatif-untuk-malaysia,[]
https://www.bnm.gov.my/-/selamat-datang,[]
https://www.bnm.gov.my/-/online-ordering-payment-and-delivery-facility-for-sale-of-asia-pacific-economic-cooperation-meetings-2020-in-malaysia-apec-2020-commemorative-currency-issued-by-bank-negara-malaysia,[]
https://www.bnm.gov.my/-/transitional-arrangements-for-regulatory-capital-treatment-of-accounting-provisions-1,[]
https://www.bnm.gov.my/-/buletin-ringgit-keluaran-bil.-5/2020-kini-boleh-dimuat-turun,['documents/20124/947994/Ringgit+Bil+052020.pdf']
https://www.bnm.gov.my/-/exposure-draft-on-perlindungan-tenang,['documents/20124/948107/Perlindungan+Tenang.pdf']
https://www.bnm.gov.my/-/report-on-capital-flows-exchange-rates-and-policy-frameworks-in-emerging-asia,[]
https://www.bnm.gov.my/-/online-auction-of-ringgit-banknotes-with-special-serial-numbers,[]
https://www.bnm.gov.my/-/bank-negara-malaysia-joins-ngfs-steering-committee,[]
https://www.bnm.gov.my/-/report-on-the-roles-of-asean-central-banks-in-managing-climate-and-environment-related-risks,[]
https://www.bnm.gov.my/-/muat-turun-ucapan-belanjawan-2021-oleh-menteri-kewangan-malaysia,[]
https://www.bnm.gov.my/-/buletin-ringgit-keluaran-bil.-4/2020-kini-boleh-dimuat-turun,['documents/20124/947994/Ringgit+Ed114+2020-04+web.pdf']
https://www.bnm.gov.my/-/laporan-tinjauan-kestabilan-kewangan-separuh-pertama-2020-1,[]
https://www.bnm.gov.my/-/kemudahan-pemesanan-pembayaran-dan-penghantaran-dalam-talian-untuk-penjualan-mata-wang-peringatan-yang-dikeluarkan-oleh-bank-negara-malaysia,[]
https://www.bnm.gov.my/-/exposure-draft-on-transitional-arrangements-for-regulatory-capital-treatment-of-accounting-provisions-1,[]
https://www.bnm.gov.my/-/exposure-draft-on-transitional-arrangements-for-regulatory-capital-treatment-of-accounting-provisions,[]
https://www.bnm.gov.my/-/financial-consumer-alert-list-of-unauthorised-companies-and-websites-has-been-updated-4,[]
https://www.bnm.gov.my/-/bnm-mempelawa-maklum-balas-daripada-pemohon-bantuan-pembayaran-balik-pinjaman-bersasar,[]
https://www.bnm.gov.my/-/anti-money-laundering-countering-financing-of-terrorism-and-targeted-financial-sanctions-aml/cft-and-tfs-for-designated-non-financial-businesses-and-professions-dnfbps-non-bank-financial-institutions-nbfis-faqs-and-guidances,[]
https://www.bnm.gov.my/-/amlcft-tfs-faqs-guidedances-bm,[]
https://www.bnm.gov.my/-/ringgit-bil-3-2020-bm,['documents/20124/947994/Ringgit+Ed113+2020-03+Final.pdf']
https://www.bnm.gov.my/-/keputusan-mesyuarat-khas-majlis-penasihat-shariah-mps-ke-30,['documents/20124/914558/SAC+Statement+30th+SAC+Special+meeting_BM.pdf']
https://www.bnm.gov.my/-/base-rates-blr-and-indicative-effective-lending-rates-of-financial-institutions-as-at-6-august-2020,[]
https://www.bnm.gov.my/-/call-for-paper-7th-mystats2020-bm,[]
https://www.bnm.gov.my/-/genneva-malaysia-sdn-bhd-termasuk-lapan-individu-dan-dua-syarikat-lain-didapati-bersalah-bagi-tuduhan-mengambil-deposit-secara-haram-dan-pengubahan-wang-haram-1,[]
https://www.bnm.gov.my/-/policy-document-on-standing-facilities,[]
https://www.bnm.gov.my/-/exposure-draft-on-merchant-acquiring-services-1,[]
https://www.bnm.gov.my/-/financial-consumer-alert-list-of-unauthorised-companies-and-websites-has-been-updated-3,[]
https://www.bnm.gov.my/-/bnmlink-terus-menawarkan-khidmat-nasihat,['documents/20124/51340/CCRIS+Request+Application+and+eCCRIS+Registration+Form.pdf']
https://www.bnm.gov.my/-/ringgit-bil-2-2020-bm,['documents/20124/947994/Ringgit+Ed112+2020-02+F.pdf']
https://www.bnm.gov.my/-/keputusan-mesyuarat-majlis-penasihat-shariah-mps-ke-201-dan-mesyuarat-khas-mps-ke-26,['documents/20124/914558/03_SAC201_Statement_eMoney_bm.pdf']
https://www.bnm.gov.my/-/keputusan-mesyuarat-majlis-penasihat-shariah-mps-ke-199,['documents/20124/914558/02_SAC199_Draft+SAC+Statement_STP_bm.pdf']
https://www.bnm.gov.my/-/keputusan-mesyuarat-majlis-penasihat-shariah-mps-ke-198-dan-ke-199-1,['documents/20124/914558/01_SAC198_Draft+SAC+Statement_Rahnu_bm.pdf']
https://www.bnm.gov.my/-/policy-document-on-statutory-reserve-requirement-3,[]
https://www.bnm.gov.my/-/bnmlink-di-ibu-pejabat-dan-pejabat-pejabat-bnm-terus-ditutup-sepanjang-pkpb,[]
https://www.bnm.gov.my/-/soalan-lazim-mengenai-pengendalian-moratorium-bagi-pinjaman-sewa-beli-dan-pembiayaan-islam-berkadar-tetap,['documents/20124/914558/Soalan+Lazim_HP+dan+Produk+Pembiayaan+Islam+Berkadar+Tetap_070520.pdf']
https://www.bnm.gov.my/-/ulangan-kenyataan-bnm-mengenai-moratorium,[]
https://www.bnm.gov.my/-/foreign-exchange-notices,[]
https://www.bnm.gov.my/-/new-release-date-for-march-2020-statistical-highlights,[]
https://www.bnm.gov.my/-/faqs-on-access-to-essential-financial-services-during-movement-control-order-mco-1,['documents/20124/914558/FAQ_Essential+Financial+Services+MCO_BM+%281%29.pdf']
https://www.bnm.gov.my/-/policy-document-on-statutory-reserve-requirement-2,[]
https://www.bnm.gov.my/-/temporary-closure-of-bnmlink-hq-and-bnm-offices-1,[]
https://www.bnm.gov.my/-/temporary-suspension-of-services-at-pejabat-bnm-johor-bahru-1,[]
https://www.bnm.gov.my/-/ringgit-newsletter-bil-1/2020-issue-is-now-available-for-download-1,['documents/20124/914558/Ringgit+Ed111+2020-01+v5.pdf']
https://www.bnm.gov.my/-/makluman-penting-untuk-orang-ramai-yang-berkunjung-ke-bnm-link,[]
https://www.bnm.gov.my/-/financial-consumer-alert-list-of-unauthorised-companies-and-websites-has-been-updated-2,[]
https://www.bnm.gov.my/-/response-to-feedback-on-anti-money-laundering-countering-financing-of-terrorism-and-targeted-financial-sanctions-for-financial-institutions-aml/cft-and-tfs-for-fis-exposure-draft-1,[]
https://www.bnm.gov.my/-/exposure-draft-on-corporate-strategic-plan,[]
https://www.bnm.gov.my/-/exposure-draft-on-recovery-planning,[]
https://www.bnm.gov.my/-/wholesale-market-conduct-practices-guidance,['documents/20124/938039/WMC_Guide.pdf']
https://www.bnm.gov.my/-/pd-codeconduct-wholesalefinmkt-bm,['documents/20124/938039/PD_COC_WholesaleFinMkt.pdf']
https://www.bnm.gov.my/-/ed-gov-rm-ops-msb,[]
https://www.bnm.gov.my/-/bnm-sac-217th-mtg-ruling-bm,['documents/20124/2629002/SAC_217th_Meeting_Ruling_bm.pdf']
https://www.bnm.gov.my/-/exposure-draft-pso,['documents/20124/943361/PSO_ED_Dec21.pdf']
https://www.bnm.gov.my/-/auction-ringgit-banknotes-bm,[]
https://www.bnm.gov.my/-/ordering-coins-jpj75-perkeso50-bm,[]
https://www.bnm.gov.my/-/joint-enforcement-action-20211111-bm,[]
https://www.bnm.gov.my/-/dp-hajah,['documents/20124/938039/Discussion_Paper_on_Hajah.pdf']
https://www.bnm.gov.my/-/ed-code-of-conduct-wholesale-fin-mkt,[]
https://www.bnm.gov.my/-/bnm-sac-214-ruling-bm,['documents/20124/2629002/SAC+Statement+214th+SAC+meeting_BM.pdf']
https://www.bnm.gov.my/-/pemberhentian-terbitan-kontrak-berasaskan-libor,['documents/20124/2629002/fsr2020h2_bm_wb_rfr.pdf']
https://www.bnm.gov.my/-/senarai-amaran-pengguna-kewangan-telah-dikemaskini-2,[]
https://www.bnm.gov.my/-/pelanutan-pemproses-matawang-mac2022,"['documents/20124/2629002/Appendix_II_Registration_Form_For_Currency_Processor.pdf', 'documents/20124/2629002/Appendix_I_Gazette_Order.pdf']"
https://www.bnm.gov.my/-/8th-mystats-2021,"['documents/20124/2629002/Poster+Short+Courses+MyStats+2021.pdf', 'documents/20124/2629002/MyStats+Conference+2021+Programme.pdf']"
https://www.bnm.gov.my/-/exposure-draft-on-financial-reporting-for-takaful-operators,['documents/20124/948107/20210930_ED_Financial+Reporting+Takaful+Operators.pdf']
https://www.bnm.gov.my/-/pencegahan-pengubahan-wang-haram-pencegahan-pembiayaan-keganasan-dan-sekatan-kewangan-bersasar-aml/cft-dan-tfs-untuk-perniagaan-dan-profesion-bukan-kewangan-yang-ditentukan-dnfbp-dan-institusi-kewangan-bukan-bank-nbfi-,['documents/20124/761679/AMLCFT+and+TFS+for+DNFBPs+and+NBFIs_BM.pdf']
https://www.bnm.gov.my/-/dokumen-dasar-berkenaan-perkhidmatan-pemeroleh-saudagar,['documents/20124/943361/PD_Merchant_Acquiring_Services.pdf']
https://www.bnm.gov.my/-/revocation-of-rep-office-approval-metbank-ltd,[]
https://www.bnm.gov.my/-/bancassurance-bancatakaful-exposure-draft,['documents/20124/938039/Banca_ED.pdf']
https://www.bnm.gov.my/-/senarai-amaran-pengguna-kewangan-telah-dikemaskini-1,[]
https://www.bnm.gov.my/-/policy-document-on-recovery-planning,"['documents/20124/938039/pd_Recovery+Planning.pdf', 'documents/20124/938039/Recovery+Planning+Response+to+Feedback+Received.pdf']"
https://www.bnm.gov.my/-/keputusan-majlis-penasihat-shariah,['documents/20124/1085561/%5BUntuk+penerbitan%5D+Kenyataan+Mesyuarat+MPS+ke-213+Aplikasi+TVM+bagi+Qard.pdf']
https://www.bnm.gov.my/-/dp-risk-based-capital-framework-instkf,['documents/20124/948107/DP_risk_based_capital_framework_instkf_June2021.pdf']
https://www.bnm.gov.my/-/policy-doc-msb-sector-onboarding,[]
https://www.bnm.gov.my/-/online-auction-ringgit-banknotes-special-serial-numbers,[]
https://www.bnm.gov.my/-/dp-alt-ref-rate-klibor-klirr,['documents/20124/938039/dp_Alternative+Reference+Rate_may2021.pdf']
https://www.bnm.gov.my/-/perubahan-iklim-dan-taksonomi-berasaskan-prinsip,['documents/20124/938039/Climate+Change+and+Principle-based+Taxonomy.pdf']
https://www.bnm.gov.my/-/sac-bnm-mesyuarat-210,['documents/20124/2629002/SAC+Statement+-+210+meeting_bm.pdf']
https://www.bnm.gov.my/-/senarai-amaran-pengguna-kewangan-telah-dikemaskini,[]
https://www.bnm.gov.my/-/faqs-on-temporary-relief-measures-for-insurance-policyholders-and-takaful-participants-1,['documents/20124/914558/FAQ+for+consumers+%28ITOs+relief+measures%29+BM.pdf']
https://www.bnm.gov.my/-/policy-document-on-operational-risk-integrated-online-network-orion-,"['documents/20124/938039/Appendix+B+-+ORION+User+Guide+%26+Technical+Specifications_2021.pdf', 'documents/20124/938039/Appendix+A+-+ORION+FAQs_2021.pdf']"
https://www.bnm.gov.my/-/senarai-amaran-pengguna-kewangan-kemaskini-jan2021,[]
https://www.bnm.gov.my/-/buletin-ringgit-keluaran-bil.-1/2021-kini-boleh-dimuat-turun,['documents/20124/2342260/Ringgit_01_2021.pdf']
https://www.bnm.gov.my/-/draf-pendedahan-perniagaan-insurans/takaful-perubatan-kesihatan,['documents/20124/948107/ED-MHIT-202212.pdf']
https://www.bnm.gov.my/-/dokumen-dasar-wang-elektronik-e-money-,"['documents/20124/943361/FS-eMoney-202212.pdf', 'documents/20124/943361/FAQ-eMoney-202212.pdf', 'documents/20124/943361/PD-eMoney-202302.pdf']"
https://www.bnm.gov.my/-/senarai-dealer-prinsipal-dan-dealer-prinsipal-islam,[]
https://www.bnm.gov.my/-/dokumen-dasar-menenai-pengendali-sistem-pembayaran,"['documents/20124/943361/FS-PSO-22122022.pdf', 'documents/20124/943361/PD-PSO-22122022.pdf']"
https://www.bnm.gov.my/-/jc3-terbitkan-katalog-data-iklim-berserta-laporan,['documents/20124/3770663/JC3-Report-on-Climate-Data-2022.pdf']
https://www.bnm.gov.my/-/draf-pendedahan-rangka-kerja-kecukupan-modal-basel-iii-aset-berwajaran-risiko-pendedahan-kepada-kaunterparti-tengah,['documents/20124/938039/ED-CAF-ECCP.pdf']
https://www.bnm.gov.my/-/draf-pendedahan-tentang-hajah-dan-darurah,['documents/20124/938039/ED-Hajah-Darurah.pdf']
https://www.bnm.gov.my/-/pd-crmsa-2022,"['documents/20124/938039/PD_Climate-Risk-Mgmt-Scenario-Analysis-Nov2022.pdf', 'documents/20124/938039/SD_Climate-Risk-Mgmt-Scenario-Analysis-Nov2022.pdf', 'documents/20124/938039/RF_Climate-Risk-Mgmt-Scenario-Analysis-Nov2022.pdf']"
https://www.bnm.gov.my/-/policy-dokumen-dasar-mengenai-pelaporan-kewangan-oleh-institusi-kewangan-pembangunan,['documents/20124/963937/PD-Financial-Reporting-DFI.pdf']
https://www.bnm.gov.my/-/fca-20220929-bm,[]
https://www.bnm.gov.my/-/banknotes-auction-20220906-bm,[]
https://www.bnm.gov.my/-/fca-20220829-bm,[]
https://www.bnm.gov.my/-/kaji-selidik-penerbitan-data-oleh-bnm,[]
https://www.bnm.gov.my/-/draf-pendedahan-mengenai-prosedur-pendaftaran-dan-keperluan-profesionalisme%C2%A0,"['documents/20124/39730/Guidelines-on-Currency-Quality-and-Handling-Suspected-Counterfeits-Dec2022.pdf', 'documents/20124/761691/faq_initiative_onshore_financial_market_v6.pdf']"
https://www.bnm.gov.my/-/kertas-perbincangan-latihan-ujian-tekanan-risiko-iklim-crst-2024,['documents/20124/3770663/DP_2024_CRST.pdf']
https://www.bnm.gov.my/-/dokumen-dasar-mengenai-bankasurans-/-banktakaful,"['documents/20124/948107/PD_Banca.pdf', 'documents/20124/948107/Banca_fdbk_stmt.pdf']"
https://www.bnm.gov.my/-/jc3-terbitkan-panduan-pemakaian-syor-tcfd-untuk-institusi-kewangan-malaysia,['documents/20124/3770663/TCFD_Application_Guide.pdf']
https://www.bnm.gov.my/-/draf-pendedahan-garis-panduan-penilaian-risiko-teknologi-awan-ctrag-,['documents/20124/938039/ED_CTRAG_20220603.pdf']
https://www.bnm.gov.my/-/pd-fep-notices,['documents/20124/60360/Foreign+Exchange+Notices_Consolidated.pdf']
https://www.bnm.gov.my/-/dokument-dasar-mengenai-pelaporan-kewangan,"['documents/20124/938039/PD_Financial_Reporting.pdf', 'documents/20124/948107/PD_Financial_Reporting_Takaful.pdf']"
https://www.bnm.gov.my/-/draf-pendedahan-mengenai-profesionalisme-ejen-insurans-dan-takaful,['documents/20124/948107/ED_Professionalism_of_Insurance_and_Takaful_Agents.pdf']
https://www.bnm.gov.my/-/dokumen-dasar-mengenai-tatacara-kehematan-dan-profesional-oleh-penasihat-kewangan,"['documents/20124/855632/pd_Prudent_Professional_Conduct_FA.pdf', 'documents/20124/855632/Feedback_Statement_April_2022.pdf']"
https://www.bnm.gov.my/-/dokumen-dasar-mengenai-tatacara-permohonan-untuk-menjalankan-perniagaan-penasihat-kewangan-dan-perniagaan-penasihat-kewangan-islam,['documents/20124/855632/pd_Application_Procedures_carry_on_FA_business.pdf']
https://www.bnm.gov.my/-/14th-banknotes-auction-bm,[]
https://www.bnm.gov.my/-/list-of-registered-currency-processors-bm,['documents/20124/820862/act827_ca2020_bm.pdf']
https://www.bnm.gov.my/-/dp-taawun-in-takaful,['documents/20124/948107/Discussion_Paper_on_Broader_Application_of_Taawun.pdf']
https://www.bnm.gov.my/-/fca-20220311-bm,[]
https://www.bnm.gov.my/-/ordering-coins-lfsa25-bm,[]
https://www.bnm.gov.my/-/bnm-sac-218th-mtg-ruling-bm,['documents/20124/6123519/SAC_Mesyuarat_ke_218_MYOR-i_bm_v2.pdf']
https://www.bnm.gov.my/-/exposure-draft-on-payment-cards-framework,"['documents/20124/943361/ED_PCF.pdf', 'documents/20124/943361/ED_PCF_FAQ.pdf']"
https://www.bnm.gov.my/-/hasil-mesyuarat-meja-bulat-ketiga-dalam-kalangan-badan-berautoriti-penasihat-syariah-berpusat-bagi-kewangan-islam,[]
https://www.bnm.gov.my/-/pd-rm23-bm,"['documents/20124/938039/fdbk-Responsibility-Mapping-Dec2023.pdf', 'documents/20124/938039/pd-Responsibility-Mapping-Dec2023.pdf']"
https://www.bnm.gov.my/-/pc-intorcoc,['documents/20124/938039/pd_Insurers_Takaful_Operators_Repairers_Code_of_Conduct_dec23.pdf']
https://www.bnm.gov.my/-/pd-caf-dec23,[]
https://www.bnm.gov.my/-/pd-pfdec23,['documents/20124/938039/pd_personal_financing_dec2023.pdf']
https://www.bnm.gov.my/-/fca-update-231206-bm,[]
https://www.bnm.gov.my/-/mhs-new-datasets-bm,['documents/20124/5915429/fsb3_bm_s3.pdf']
https://www.bnm.gov.my/-/illegal-msb-ops-bm,[]
https://www.bnm.gov.my/-/ed-icf,['documents/20124/938039/ed_Liquidity_Risk_Aug2023.pdf']
https://www.bnm.gov.my/-/pd-qic-bm,"['documents/20124/938039/pd_Quality_and_Integrity_of_Currency_sept2023.pdf', 'documents/20124/938039/faq_Quality_and_Integrity_of_Currency_sept2023.pdf']"
https://www.bnm.gov.my/-/banknotes-auction-20230915-bm,[]
https://www.bnm.gov.my/-/fca-update-230914-bm,[]
https://www.bnm.gov.my/-/ea-pn-07-2023,[]
https://www.bnm.gov.my/-/ea-pn-06-2023,[]
https://www.bnm.gov.my/-/ea-pn-05-2023,[]
https://www.bnm.gov.my/-/ea-pn-20230901,[]
https://www.bnm.gov.my/-/ed-liquidity-risk,[]
https://www.bnm.gov.my/-/deraf-dedahan-amalan-penyelesaian-tuntutan,['documents/20124/948107/ed-claims-settlement-practices-jun23.pdf']
https://www.bnm.gov.my/-/2nd-fin-incl-frmwk-bm,['documents/20124/55792/SP-2nd-fin-incl-framework.pdf']
https://www.bnm.gov.my/-/ed-disposal-impaired-loans-bm,['documents/20124/938039/ED-Disposal-and-Purchase-of-Impaired-Loans-Financing-2023.pdf']
https://www.bnm.gov.my/-/senarai-amaran-pengguna-kewangan-telah-dikemaskini-3,[]
https://www.bnm.gov.my/-/pd-adjusters,"['documents/20124/948107/fs_adjusters_june2023.pdf', 'documents/20124/948107/PU_%28A%29_206_Gazette_Order.pdf', 'documents/20124/948107/faq_adjusters_june2023.pdf']"
https://www.bnm.gov.my/-/risk-management-in-technology-rmit-policy-document,"['documents/20124/938039/FAQ-RMiT-June2023.pdf', 'documents/20124/938039/PD-RMiT-June2023.pdf']"
https://www.bnm.gov.my/-/ea-pn-01-2019,[]
https://www.bnm.gov.my/-/ea-pn-02-2019,[]
https://www.bnm.gov.my/-/ea-pn-01-2023,[]
https://www.bnm.gov.my/-/ea-pn-02-2023,[]
https://www.bnm.gov.my/-/ea-pn-03-2023,[]
https://www.bnm.gov.my/-/ea-pn-04-2023,[]
https://www.bnm.gov.my/-/pd-prof-ito-agents-bm,"['documents/20124/938039/PD-Professionalism-of-Agents-2023.pdf', 'documents/20124/938039/FS-Professionalism-of-Agents-2023.pdf']"
https://www.bnm.gov.my/-/pd-mcipd,[]
https://www.bnm.gov.my/-/ed-sandbox-2023,[]
https://www.bnm.gov.my/-/senarai-amaran-pengguna-kewangan-telah-dikemas-kini,[]
https://www.bnm.gov.my/-/draf-dedahan-layanan-adil-terhadap-pengguna-mudah-terjejas,['documents/20124/938039/28230228_ED_Fair_Treatment_of_Vulnerable_Consumers.pdf']
https://www.bnm.gov.my/-/draf-dedahan-kualiti-dan-integriti-mata-wang,['documents/20124/938039/ED-quality-integrity-currency-2023.pdf']
https://www.bnm.gov.my/-/dp-framework-2023-2026,['documents/20124/938039/FINC_Framework_DP.pdf']
https://www.bnm.gov.my/-/ed-basel3-credit-risk-2023-bm,['documents/20124/938039/ED-CAF-Std-App-Cr-Risk.pdf']
https://www.bnm.gov.my/-/fca-update-240419-bm,[]
https://www.bnm.gov.my/-/17aucmyr-bm,[]
https://www.bnm.gov.my/-/pd-ekyc-bm,"['documents/20124/938039/pd-ekyc-apr2024.pdf', 'documents/20124/938039/faq-ekyc-apr24.pdf']"
https://www.bnm.gov.my/-/pd-ftfc-bm,"['documents/20124/938039/fs-fair-treatment-mar24.pdf', 'documents/20124/938039/pd-ftfc-mar24.pdf']"
https://www.bnm.gov.my/-/pd-mhit,"['documents/20124/938039/feedback-ed-mhit.pdf', 'documents/20124/938039/pd_mhit_feb2024.pdf']"
https://www.bnm.gov.my/-/kertas-kerja-climate-risk-stress-testing-methodology,['documents/20124/938039/pd_CRST_29Feb2024.pdf']
https://www.bnm.gov.my/-/draf-dedahan-mengenai-ketelusan-dan-penzahiran-produk,['documents/20124/938039/ED-Product-Transparency-Disclosure-Feb24.pdf']
https://www.bnm.gov.my/-/sandbox-pd24-bm,"['documents/20124/938039/pd-sandbox-feb24.pdf', 'documents/20124/938039/form-sandbox-greenlane.pdf', 'documents/20124/938039/form-sandbox-standard.pdf', 'documents/20124/938039/faq-sandbox-feb24.pdf']"
https://www.bnm.gov.my/-/rentas-dp-bm,['documents/20124/943361/dp-RENTAS-modernisation-Feb2024.pdf']
https://www.bnm.gov.my/-/ed-ibw-bm,['documents/20124/938039/ed-islamic-banking-window-jan24.pdf']
https://www.bnm.gov.my/-/pd-amlcftcpftfs-dnfbp-nbfi,['documents/20124/13380097/pd-AMLCFTCPF-TFS-DNFBI-NBFI-Feb2024.pdf']
https://www.bnm.gov.my/-/dokumen-dasar-pencegahan-pengubahan-wang-haram-pencegahan-pembiayaan-keganasan-pencegahan-pembiayaan-percambahan-dan-sekatan-kewangan-bersasar-untuk-institusi-kewangan,['documents/20124/938039/pd-AMLCFTCPF-TFS-FI-Feb2024_+2.pdf']
https://www.bnm.gov.my/-/sac-ruling-bnpl-bm,['documents/20124/13282254/Keputusan_MPS_berhubung_BNPL_MPS_ke_220_228_231.pdf']
https://www.bnm.gov.my/-/fca-update-240123-bm,[]
https://www.bnm.gov.my/-/scam-alert-240118-bm,[]
https://www.bnm.gov.my/-/ed-cpb-bm,['documents/20124/13204565/ed_currency_processing_Jan_2024.pdf']
https://www.bnm.gov.my/-/jc3-sc1-kemas-kini-dokumen-untuk-pelaksanaan-klasifikasi-ccpt-oleh-institusi-kewangan,"['documents/20124/3770663//DDQ-for-GP3-GP4-10Jan24.pdf', 'documents/20124/3770663/FAQs-for-BNM-CCPT-10Jan24.pdf', 'documents/20124/3770663/Guidance-Notes-DDQ-GP3-GP4-10Jan24.pdf']"
https://www.bnm.gov.my/-/draf-dedahan-skim-pembiayaan-mikro,['documents/20124/938039/ed_Skim_Pembiayaan_Mikro_Policy.pdf']
https://www.bnm.gov.my/-/sacbnm-226mtg-ruling-bm,['documents/20124/38335/sacbnm-mtg-226-bm.pdf']
https://www.bnm.gov.my/-/pd-hajah-darurah-bm,"['documents/20124/938039/pd-Hajah-Darurah-Jan2024.pdf', 'documents/20124/938039/faq-Hajah-Darurah-Jan2024.pdf']"
